,week,AR,AU,BR,CA,CL,HK,CN,CO,FR,DE,IN,IT,JP,KR,MX,NZ,NO,PT,SA,ZA,ES,SE,CH,UK,US
0,1,0.1456,0.1507,0.1367,0.1582,0.195,0.0866,0.1005,0.1947,0.1717,0.1187,0.1235,0.1272,0.1092,0.0778,0.1908,0.1136,0.0949,0.1308,0.0868,0.125,0.1763,0.0976,0.0914,0.1426,0.1894
1,2,0.1565,0.1606,0.1768,0.1715,0.1902,0.0728,0.0971,0.1795,0.1876,0.1197,0.1634,0.1378,0.1177,0.09,0.2173,0.1388,0.1073,0.156,0.1213,0.1069,0.1809,0.1174,0.1224,0.1536,0.1809
2,3,0.155,0.1492,0.1761,0.1455,0.1848,0.0534,0.0963,0.1883,0.1883,0.1228,0.1494,0.1255,0.1284,0.096,0.2011,0.1223,0.0935,0.1163,0.1139,0.1205,0.1785,0.0953,0.1107,0.1486,0.1774
3,4,0.1613,0.1646,0.1783,0.1515,0.2003,0.0692,0.0813,0.194,0.1874,0.1202,0.121,0.1338,0.133,0.0918,0.1885,0.1298,0.0608,0.1369,0.1196,0.1131,0.2063,0.1095,0.1223,0.148,0.1802
4,5,0.1513,0.1754,0.2006,0.194,0.1948,0.056,0.086,0.1976,0.1718,0.1214,0.1458,0.0839,0.1361,0.0925,0.1711,0.1352,0.0848,0.1456,0.121,0.1088,0.2032,0.099,0.131,0.1527,0.1734
5,6,0.1565,0.1917,0.186,0.1869,0.1909,0.1031,0.0953,0.1952,0.1796,0.1382,0.1518,0.1418,0.1279,0.082,0.1815,0.1119,0.0572,0.1535,0.0887,0.0994,0.1972,0.0982,0.1377,0.1513,0.2249
6,7,0.1754,0.2105,0.17,0.1761,0.1926,0.0654,0.0979,0.1684,0.1713,0.1164,0.163,0.1294,0.1387,0.0985,0.1824,0.1242,0.052,0.1318,0.1002,0.1185,0.198,0.1154,0.1224,0.1446,0.1928
7,8,0.1637,0.1316,0.1665,0.1664,0.1853,0.077,0.0956,0.2021,0.1709,0.1237,0.1514,0.1221,0.1466,0.0984,0.1966,0.1172,0.0577,0.1473,0.1012,0.1063,0.1962,0.1163,0.1377,0.1455,0.1665
8,9,0.1648,0.149,0.1744,0.1721,0.2056,0.0513,0.1093,0.2123,0.1749,0.1309,0.1723,0.1255,0.1621,0.0911,0.2059,0.118,0.0505,0.1525,0.0955,0.0957,0.2056,0.1027,0.1316,0.1516,0.1901
9,10,0.175,0.2252,0.1647,0.1857,0.2015,0.0518,0.1079,0.2029,0.1876,0.1266,0.1385,0.1222,0.1656,0.0924,0.2179,0.1376,0.0499,0.1196,0.0946,0.0937,0.2008,0.1095,0.132,0.1584,0.1895
10,11,0.1758,0.1301,0.1752,0.1685,0.1859,0.0677,0.1086,0.2013,0.1871,0.1313,0.1569,0.1283,0.1584,0.0912,0.2231,0.137,0.0414,0.1515,0.1064,0.1069,0.192,0.0921,0.1305,0.1374,0.1865
11,12,0.1243,0.1269,0.1516,0.1522,0.1881,0.07,0.0949,0.1649,0.1573,0.119,0.1694,0.1114,0.1233,0.0875,0.1939,0.0961,0.0541,0.0995,0.1079,0.0667,0.1469,0.0892,0.0989,0.1382,0.1704
12,13,0.1529,0.1351,0.1683,0.1429,0.1788,0.0805,0.0992,0.1802,0.1689,0.1311,0.1975,0.1179,0.118,0.0928,0.2083,0.1006,0.0544,0.114,0.099,0.0682,0.1958,0.0993,0.1042,0.1478,0.1741
13,14,0.1358,0.1352,0.173,0.1557,0.1725,0.0726,0.0896,0.1919,0.1328,0.1236,0.1689,0.1184,0.1292,0.1078,0.205,0.1067,0.0654,0.1117,0.0954,0.0939,0.1598,0.0554,0.1079,0.1355,0.1594
14,15,0.141,0.1381,0.1715,0.1582,0.1814,0.0725,0.0987,0.1848,0.1382,0.1305,0.1899,0.1274,0.1383,0.0913,0.2124,0.1091,0.058,0.1332,0.0884,0.0944,0.1888,0.0837,0.1172,0.1475,0.1771
15,16,0.0691,0.1453,0.178,0.1623,0.1453,0.0668,0.0921,0.187,0.1587,0.131,0.1802,0.0861,0.1132,0.0885,0.2243,0.1161,0.0605,0.1275,0.0866,0.1108,0.1819,0.0955,0.1192,0.1603,0.1985
16,17,0.1081,0.1499,0.1793,0.172,0.1846,0.0715,0.0858,0.1758,0.1684,0.1288,0.1124,0.1236,0.1183,0.0908,0.1951,0.1107,0.0585,0.1368,0.0854,0.1026,0.1856,0.0939,0.125,0.1529,0.1957
17,18,0.1135,0.1352,0.1663,0.1594,0.1985,0.062,0.0807,0.1991,0.1734,0.1312,0.1682,0.1221,0.1203,0.088,0.2068,0.1048,0.0551,0.1201,0.0958,0.1116,0.2089,0.0946,0.0858,0.1504,0.1821
18,19,0.1245,0.1541,0.1683,0.178,0.1849,0.0553,0.097,0.1962,0.1736,0.1227,0.1348,0.1307,0.1207,0.0951,0.2031,0.1138,0.0642,0.1334,0.1173,0.1253,0.1957,0.0875,0.1069,0.1673,0.1796
19,20,0.1235,0.15,0.1572,0.1474,0.1786,0.0681,0.0863,0.1943,0.1187,0.1131,0.1625,0.1109,0.1131,0.0932,0.2069,0.1019,0.0505,0.1167,0.1238,0.1148,0.1836,0.0567,0.1205,0.1594,0.1814
20,21,0.1645,0.1753,0.168,0.1625,0.1683,0.1014,0.1043,0.2035,0.1728,0.118,0.1964,0.1437,0.1221,0.0738,0.2032,0.1198,0.0564,0.1367,0.1111,0.1172,0.1696,0.0944,0.1319,0.1587,0.1899
21,22,0.1468,0.1495,0.1637,0.171,0.1394,0.0711,0.1029,0.1929,0.1865,0.1421,0.1845,0.1235,0.1219,0.0809,0.2007,0.1073,0.0675,0.1359,0.0999,0.1101,0.2147,0.1067,0.1174,0.1491,0.1906
22,23,0.1578,0.1489,0.1621,0.1613,0.1794,0.0618,0.1,0.197,0.175,0.1296,0.1767,0.1333,0.1276,0.0852,0.2013,0.0996,0.0539,0.1377,0.0969,0.1038,0.2024,0.1083,0.1095,0.144,0.1906
23,24,0.1547,0.1447,0.1684,0.1681,0.1944,0.0566,0.1185,0.1932,0.1498,0.142,0.175,0.1451,0.1298,0.0934,0.2065,0.1061,0.072,0.134,0.0983,0.0987,0.189,0.0961,0.094,0.1593,0.1916
24,25,0.1501,0.1313,0.1699,0.1742,0.2024,0.0342,0.1005,0.1991,0.1687,0.1325,0.1715,0.1366,0.1154,0.0714,0.1941,0.1108,0.0568,0.1314,0.0901,0.1016,0.1718,0.0939,0.1015,0.1519,0.1774
25,26,0.1522,0.1553,0.1659,0.1607,0.1885,0.0522,0.1088,0.1872,0.1708,0.1367,0.1811,0.1213,0.111,0.0935,0.2278,0.0992,0.0577,0.1163,0.0831,0.1006,0.1909,0.0953,0.0758,0.1381,0.1791
26,27,0.1601,0.1354,0.1679,0.17,0.1773,0.0604,0.0943,0.179,0.1594,0.1345,0.1765,0.1226,0.119,0.0925,0.2042,0.1131,0.0645,0.1145,0.0929,0.09,0.1945,0.1091,0.0702,0.1639,0.1833
27,28,0.1624,0.1496,0.1734,0.1938,0.1854,0.0761,0.1055,0.2003,0.1663,0.1339,0.1635,0.1314,0.1419,0.0878,0.2048,0.116,0.0922,0.1238,0.0888,0.0976,0.183,0.1095,0.0727,0.1573,0.1903
28,29,0.1504,0.171,0.1686,0.1645,0.1919,0.0757,0.098,0.2181,0.1775,0.1331,0.1958,0.1384,0.1223,0.0825,0.2096,0.1061,0.1034,0.1097,0.0948,0.1023,0.1818,0.0963,0.0761,0.1612,0.1999
29,30,0.1376,0.0989,0.1335,0.1404,0.1799,0.0702,0.0843,0.1652,0.0943,0.1057,0.1412,0.1062,0.1157,0.0692,0.1662,0.074,0.0686,0.1027,0.1,0.0657,0.15,0.0601,0.0825,0.1552,0.1632
30,31,0.1633,0.1737,0.1668,0.174,0.2028,0.0572,0.0916,0.2252,0.1814,0.1311,0.1877,0.125,0.1286,0.0665,0.2112,0.1224,0.1026,0.1155,0.0889,0.077,0.187,0.1001,0.0911,0.1403,0.1936
31,32,0.154,0.1081,0.166,0.1862,0.2013,0.0634,0.0926,0.1975,0.1558,0.13,0.1792,0.1308,0.1261,0.08,0.2049,0.1134,0.0867,0.0988,0.1027,0.0974,0.1898,0.0985,0.0727,0.1503,0.1845
32,33,0.1642,0.1582,0.1749,0.1881,0.1999,0.0746,0.0998,0.2169,0.1683,0.1396,0.1898,0.1317,0.1337,0.064,0.2137,0.1151,0.0547,0.1067,0.0982,0.0973,0.205,0.1077,0.0833,0.1475,0.1922
33,34,0.1632,0.1643,0.1729,0.174,0.1895,0.0539,0.0923,0.2047,0.1693,0.1259,0.1957,0.1506,0.1387,0.0631,0.2079,0.1238,0.0744,0.1253,0.1006,0.1092,0.1883,0.0941,0.0781,0.1536,0.1937
34,35,0.1574,0.1668,0.1705,0.1757,0.1985,0.0613,0.1004,0.2112,0.1866,0.1223,0.196,0.1409,0.138,0.0497,0.1938,0.1282,0.0717,0.1039,0.1041,0.107,0.2093,0.097,0.0697,0.1796,0.1947
35,36,0.1718,0.1752,0.1695,0.1805,0.1726,0.0397,0.1246,0.2221,0.1791,0.1388,0.1801,0.1374,0.1228,0.0358,0.1612,0.1171,0.068,0.1091,0.1094,0.1276,0.2073,0.0762,0.0733,0.1664,0.1888
36,37,0.1531,0.1563,0.1704,0.1849,0.155,0.0758,0.1011,0.1917,0.1892,0.1339,0.1671,0.1236,0.1204,0.0394,0.2235,0.1051,0.0543,0.112,0.1032,0.121,0.2337,0.0828,0.0768,0.148,0.1934
37,38,0.1686,0.154,0.163,0.165,0.1605,0.1148,0.1059,0.2007,0.1701,0.1171,0.1907,0.127,0.11,0.0452,0.2199,0.1307,0.0433,0.1106,0.1032,0.1083,0.1958,0.1002,0.0734,0.1553,0.191
38,39,0.1374,0.1349,0.1522,0.1583,0.1671,0.0714,0.138,0.1984,0.1778,0.1186,0.1931,0.1209,0.1138,0.0609,0.2059,0.1162,0.0707,0.0955,0.108,0.1117,0.1823,0.094,0.0859,0.154,0.1842
39,40,0.1353,0.1218,0.172,0.2016,0.1709,0.0736,0.1119,0.2339,0.1503,0.1187,0.1812,0.1359,0.1119,0.0518,0.232,0.1376,0.0587,0.0933,0.1117,0.0979,0.1656,0.0886,0.0664,0.1391,0.1852
40,41,0.1567,0.1619,0.1505,0.1489,0.1889,0.0916,0.1071,0.207,0.1306,0.1221,0.2002,0.1315,0.1255,0.0472,0.1908,0.1379,0.0586,0.09,0.0871,0.1068,0.1754,0.0943,0.0797,0.1347,0.1871
41,42,0.1729,0.171,0.17,0.1546,0.2103,0.0861,0.1191,0.2015,0.1696,0.1401,0.1874,0.1347,0.1206,0.0581,0.2284,0.1141,0.0676,0.0924,0.0896,0.1065,0.2065,0.1085,0.0715,0.1672,0.1973
42,43,0.1789,0.1535,0.1608,0.1589,0.1897,0.0873,0.0959,0.2,0.1896,0.141,0.1778,0.1499,0.1474,0.0645,0.2437,0.1396,0.058,0.0977,0.0991,0.1237,0.2016,0.1064,0.0886,0.1466,0.1948
43,44,0.1779,0.1597,0.1643,0.1826,0.2015,0.1076,0.1034,0.2153,0.174,0.1378,0.1929,0.1534,0.1327,0.057,0.2415,0.13,0.0519,0.0991,0.0869,0.1209,0.2179,0.0866,0.1039,0.1555,0.2019
44,45,0.1789,0.1637,0.1678,0.1657,0.2035,0.0872,0.0991,0.1928,0.1732,0.137,0.1832,0.1333,0.1218,0.0575,0.2311,0.143,0.0546,0.0704,0.0937,0.1085,0.1918,0.0898,0.0681,0.1414,0.1847
45,46,0.1706,0.143,0.1694,0.1744,0.1964,0.0885,0.1083,0.216,0.1589,0.1237,0.1696,0.1338,0.1101,0.0552,0.2298,0.1241,0.045,0.0653,0.0885,0.1203,0.1945,0.0848,0.0775,0.1399,0.1925
46,47,0.1682,0.1679,0.1629,0.1718,0.1852,0.0755,0.1017,0.2002,0.1715,0.1284,0.1916,0.1365,0.1239,0.0611,0.2368,0.1248,0.0564,0.0698,0.1325,0.1317,0.1881,0.1045,0.0891,0.1498,0.18
47,48,0.1708,0.1654,0.1701,0.1777,0.2043,0.0811,0.0831,0.1972,0.1743,0.1341,0.2039,0.1448,0.1172,0.0597,0.2328,0.1341,0.0724,0.0692,0.1186,0.137,0.2006,0.093,0.1,0.1459,0.1934
48,49,0.1497,0.1714,0.1706,0.1732,0.1968,0.1238,0.1176,0.2085,0.1527,0.1275,0.1966,0.1509,0.119,0.0653,0.2256,0.108,0.0549,0.0662,0.1093,0.1126,0.1762,0.0821,0.0771,0.1611,0.1838
49,50,0.1586,0.1501,0.1734,0.1824,0.1795,0.0981,0.1278,0.1973,0.1716,0.1168,0.1898,0.1475,0.1277,0.065,0.1922,0.1153,0.0593,0.0652,0.1117,0.1136,0.2006,0.1063,0.096,0.1504,0.1809
50,51,0.1595,0.1586,0.1809,0.1678,0.1974,0.0842,0.0996,0.2163,0.1805,0.121,0.2006,0.1717,0.1401,0.0698,0.2113,0.1475,0.062,0.0698,0.1031,0.1151,0.2078,0.1097,0.0892,0.1729,0.186
51,52,0.178,0.1568,0.179,0.1818,0.2059,0.1107,0.1341,0.2261,0.1801,0.1289,0.2062,0.1321,0.1398,0.0754,0.2255,0.1274,0.0715,0.075,0.0996,0.1413,0.2052,0.1086,0.0841,0.1696,0.1803
52,53,0.1676,0.1596,0.1619,0.1582,0.1884,0.1005,0.1169,0.2107,0.1588,0.1287,0.2099,0.1568,0.1148,0.0603,0.2204,0.1164,0.0693,0.0823,0.112,0.1365,0.2085,0.1118,0.0655,0.1497,0.1657
53,54,0.1654,0.1635,0.1686,0.1516,0.19,0.1053,0.1135,0.2284,0.18,0.1369,0.1915,0.1626,0.1173,0.0608,0.2139,0.1271,0.0644,0.0816,0.1185,0.1305,0.205,0.0935,0.1036,0.1462,0.1864
54,55,0.158,0.1547,0.1669,0.1529,0.1897,0.0887,0.1083,0.2064,0.1818,0.1402,0.1755,0.1694,0.1267,0.0551,0.2299,0.1533,0.0665,0.0757,0.1234,0.1011,0.2187,0.1189,0.0914,0.1628,0.1866
55,56,0.1631,0.161,0.1682,0.195,0.1934,0.0727,0.1076,0.1787,0.189,0.1413,0.1823,0.1532,0.1245,0.0671,0.2324,0.1175,0.079,0.0744,0.1243,0.1249,0.2111,0.105,0.0669,0.1519,0.1971
56,57,0.1622,0.1797,0.1733,0.1844,0.2005,0.0968,0.1115,0.2244,0.2122,0.132,0.1839,0.1615,0.1317,0.0727,0.2091,0.1182,0.0676,0.0945,0.129,0.1515,0.222,0.104,0.1037,0.1835,0.1955
57,58,0.1798,0.1554,0.1784,0.1972,0.2194,0.0765,0.1172,0.2169,0.1867,0.1404,0.1568,0.1674,0.148,0.072,0.2317,0.1147,0.0571,0.1046,0.1295,0.1555,0.2161,0.1115,0.0917,0.1722,0.1814
58,59,0.1526,0.0949,0.145,0.1486,0.1803,0.0805,0.1366,0.1849,0.0916,0.0952,0.171,0.0893,0.1169,0.1024,0.1605,0.1256,0.0497,0.0816,0.1215,0.1134,0.1183,0.0574,0.0718,0.1236,0.1209
59,60,0.1519,0.1621,0.1599,0.2506,0.211,0.1322,0.1301,0.2391,0.1602,0.1312,0.1771,0.1564,0.1556,0.0838,0.2106,0.1297,0.0796,0.0998,0.1135,0.1326,0.2113,0.11,0.0932,0.1963,0.1903
60,61,0.1799,0.2684,0.1669,0.3084,0.2261,0.137,0.2377,0.2717,0.176,0.1486,0.3307,0.1982,0.196,0.1334,0.2636,0.1895,0.0643,0.1097,0.1213,0.1907,0.2461,0.1027,0.0854,0.2169,0.2263
61,62,0.1464,0.2125,0.1619,0.2428,0.206,0.1463,0.1475,0.2182,0.1349,0.1464,0.2236,0.1546,0.1523,0.091,0.2393,0.1432,0.0485,0.0993,0.1209,0.1283,0.218,0.1253,0.095,0.1917,0.2002
62,63,0.1843,0.2096,0.1715,0.2232,0.2168,0.1368,0.1674,0.2125,0.151,0.1412,0.2674,0.1644,0.1667,0.0882,0.2407,0.1816,0.0615,0.1067,0.1111,0.1416,0.2376,0.1015,0.1004,0.1792,0.2291
63,64,0.1672,0.1411,0.157,0.1658,0.1965,0.0804,0.1038,0.1769,0.1597,0.1399,0.1611,0.1266,0.1276,0.0765,0.195,0.1326,0.0449,0.0806,0.1231,0.1047,0.1801,0.102,0.0779,0.1345,0.1794
64,65,0.1687,0.1171,0.1656,0.1614,0.19,0.0945,0.1132,0.2086,0.1686,0.1438,0.1718,0.1292,0.1176,0.0604,0.2155,0.1046,0.0501,0.0802,0.1304,0.0975,0.1901,0.0889,0.0888,0.1318,0.1754
65,66,0.1653,0.1176,0.1818,0.1757,0.2189,0.0812,0.107,0.1976,0.1528,0.1409,0.1583,0.1312,0.1268,0.0441,0.2114,0.1078,0.061,0.0892,0.0811,0.1129,0.193,0.0932,0.0915,0.1361,0.1742
66,67,0.154,0.174,0.1675,0.1562,0.1852,0.0952,0.1044,0.1936,0.1584,0.1355,0.1809,0.108,0.1159,0.0539,0.2045,0.0966,0.0585,0.1017,0.103,0.1364,0.1993,0.0883,0.1084,0.1564,0.1674
67,68,0.1561,0.1467,0.1833,0.1711,0.1928,0.1004,0.1079,0.2333,0.181,0.138,0.171,0.1597,0.1263,0.0614,0.2197,0.1193,0.0536,0.0969,0.1172,0.1342,0.2231,0.097,0.0846,0.1518,0.1866
68,69,0.1728,0.1359,0.1677,0.1713,0.1983,0.0824,0.1055,0.2012,0.1741,0.1408,0.1591,0.1575,0.1257,0.0676,0.235,0.1255,0.0943,0.1058,0.1302,0.1204,0.2139,0.1039,0.0764,0.1418,0.1832
69,70,0.1866,0.1389,0.1686,0.1818,0.2001,0.0999,0.11,0.1895,0.164,0.1349,0.1732,0.1654,0.1238,0.0754,0.2053,0.1223,0.0558,0.1091,0.1254,0.112,0.2029,0.1089,0.088,0.1477,0.1594
70,71,0.1781,0.1712,0.162,0.1705,0.2037,0.0665,0.1072,0.196,0.1748,0.1354,0.1701,0.1589,0.1193,0.0471,0.1834,0.117,0.0418,0.094,0.1163,0.1276,0.2204,0.1109,0.1,0.1585,0.1681
71,72,0.1672,0.1582,0.1688,0.175,0.2044,0.0761,0.1144,0.2145,0.1768,0.1315,0.1409,0.1625,0.1179,0.0717,0.1145,0.125,0.062,0.0891,0.1167,0.1177,0.2046,0.0988,0.1167,0.1452,0.1664
72,73,0.1749,0.1485,0.163,0.1793,0.1925,0.082,0.1095,0.201,0.1549,0.1265,0.1828,0.1598,0.1333,0.0635,0.2168,0.107,0.0555,0.0914,0.1111,0.0982,0.1991,0.0913,0.1138,0.1677,0.174
73,74,0.1725,0.1583,0.16,0.2093,0.192,0.0854,0.1066,0.2067,0.1809,0.1415,0.1579,0.1644,0.127,0.0685,0.2152,0.1183,0.0922,0.0986,0.1162,0.1162,0.2077,0.1057,0.1276,0.1719,0.1706
74,75,0.1805,0.1592,0.1353,0.1994,0.1888,0.0778,0.1075,0.2001,0.1641,0.1404,0.1651,0.148,0.1334,0.0561,0.2216,0.1176,0.0414,0.0959,0.1187,0.1137,0.2146,0.0973,0.1192,0.1632,0.1814
75,76,0.1666,0.1696,0.1245,0.1758,0.1794,0.0821,0.1108,0.2015,0.1628,0.1361,0.1698,0.1494,0.1402,0.0785,0.2099,0.1213,0.0327,0.0868,0.105,0.1145,0.2174,0.0956,0.0928,0.1503,0.1752
76,77,0.1087,0.133,0.1468,0.1595,0.1678,0.084,0.1217,0.1654,0.1367,0.1307,0.1467,0.1217,0.14,0.0762,0.1927,0.12,0.0566,0.0747,0.1198,0.1096,0.1816,0.0866,0.094,0.1356,0.1583
77,78,0.1802,0.1365,0.1546,0.1589,0.1908,0.0795,0.0916,0.1998,0.1603,0.1386,0.1466,0.1304,0.1229,0.0722,0.1999,0.1275,0.0433,0.1238,0.1166,0.0992,0.2119,0.0981,0.0861,0.1456,0.1898
78,79,0.159,0.1608,0.1447,0.1704,0.1673,0.0671,0.1139,0.1949,0.1165,0.122,0.1508,0.1227,0.1217,0.0648,0.202,0.113,0.0585,0.1174,0.1144,0.1076,0.2028,0.1045,0.105,0.1398,0.1796
79,80,0.1788,0.1389,0.1531,0.1827,0.1996,0.0828,0.0948,0.1785,0.1633,0.1363,0.1639,0.153,0.132,0.0931,0.2162,0.1384,0.0702,0.1249,0.113,0.1052,0.2227,0.1144,0.0982,0.15,0.1812
80,81,0.1717,0.1634,0.1413,0.1782,0.1814,0.0889,0.1384,0.1794,0.1688,0.1352,0.1924,0.1581,0.1144,0.0899,0.2267,0.1135,0.0544,0.1158,0.1215,0.1017,0.2235,0.1087,0.1207,0.1506,0.1805
81,82,0.1823,0.1844,0.1579,0.1819,0.1895,0.122,0.1013,0.1899,0.1509,0.1411,0.1698,0.1431,0.1228,0.0958,0.2311,0.1247,0.0559,0.1398,0.128,0.0918,0.2138,0.1168,0.1007,0.1382,0.1713
82,83,0.1852,0.1188,0.1522,0.164,0.2071,0.0794,0.1078,0.2111,0.1858,0.1361,0.1588,0.146,0.1147,0.0649,0.2308,0.1294,0.0355,0.1488,0.1323,0.1146,0.2211,0.1085,0.1097,0.1528,0.179
83,84,0.1894,0.1299,0.1422,0.1653,0.2018,0.1073,0.0955,0.1952,0.1723,0.1476,0.1705,0.1502,0.1317,0.0882,0.2231,0.1238,0.0445,0.149,0.1196,0.1117,0.2167,0.106,0.1221,0.1503,0.1836
84,85,0.1793,0.1283,0.1403,0.2031,0.1931,0.1039,0.0985,0.1908,0.1621,0.1351,0.1496,0.1536,0.1614,0.1041,0.2339,0.1428,0.0381,0.1379,0.1189,0.1082,0.2097,0.1023,0.0996,0.1559,0.1883
85,86,0.1866,0.1513,0.143,0.1852,0.1922,0.1087,0.1174,0.2002,0.1602,0.1344,0.1679,0.1393,0.1008,0.0859,0.2203,0.1372,0.0583,0.1355,0.1351,0.131,0.2186,0.1226,0.1002,0.1515,0.1862
86,87,0.1995,0.1386,0.1354,0.1936,0.1841,0.1481,0.1104,0.1984,0.1761,0.1507,0.1849,0.1436,0.1219,0.0776,0.1949,0.1389,0.0503,0.1409,0.1253,0.1144,0.2199,0.1209,0.1091,0.1596,0.178
87,88,0.1876,0.145,0.1591,0.2002,0.1788,0.1167,0.0999,0.1861,0.1471,0.1408,0.1757,0.1479,0.122,0.0841,0.1916,0.1152,0.0619,0.1409,0.1197,0.1158,0.2035,0.1017,0.1169,0.153,0.1699
88,89,0.1259,0.1345,0.1575,0.1637,0.1904,0.1014,0.1059,0.1977,0.1245,0.1235,0.1715,0.1434,0.123,0.101,0.2005,0.1235,0.0408,0.1328,0.1247,0.0933,0.1881,0.1071,0.0874,0.1507,0.1436
89,90,0.1519,0.1334,0.1553,0.1746,0.1702,0.1144,0.1012,0.1915,0.1519,0.1274,0.1668,0.1374,0.1268,0.0837,0.2106,0.129,0.0605,0.1278,0.126,0.0973,0.1996,0.1099,0.0953,0.1394,0.1754
90,91,0.1718,0.1267,0.1579,0.1638,0.1741,0.1028,0.105,0.1964,0.1624,0.1332,0.1694,0.1378,0.1461,0.0966,0.2182,0.125,0.0406,0.1396,0.1165,0.1076,0.2077,0.1042,0.1062,0.1539,0.1837
91,92,0.1681,0.0957,0.1508,0.1515,0.1844,0.0917,0.1026,0.1914,0.1452,0.1225,0.1469,0.1186,0.1223,0.0901,0.2181,0.1562,0.0325,0.1287,0.0993,0.1051,0.1933,0.0734,0.1025,0.1442,0.1518
92,93,0.1728,0.1275,0.1592,0.1751,0.1872,0.094,0.0922,0.1727,0.1359,0.1248,0.148,0.1241,0.1265,0.0837,0.2086,0.1346,0.0407,0.1247,0.1109,0.0965,0.1805,0.1047,0.1036,0.1813,0.1497
93,94,0.1789,0.1353,0.1534,0.1543,0.171,0.1081,0.1064,0.2068,0.1742,0.1215,0.1445,0.1311,0.1177,0.0842,0.2242,0.1386,0.0438,0.1347,0.087,0.0995,0.2005,0.0979,0.0854,0.1814,0.1464
94,95,0.1779,0.1249,0.1502,0.1512,0.207,0.0946,0.1091,0.1951,0.1597,0.1377,0.149,0.1302,0.124,0.0889,0.2296,0.126,0.0419,0.1352,0.1234,0.1115,0.2136,0.0997,0.1066,0.178,0.158
95,96,0.175,0.1413,0.1343,0.1461,0.1959,0.0832,0.0976,0.1897,0.1777,0.1311,0.1549,0.1159,0.1096,0.0798,0.2208,0.1184,0.0589,0.1194,0.124,0.076,0.2135,0.1164,0.0687,0.1703,0.1743
96,97,0.1167,0.0818,0.0938,0.1015,0.1846,0.0658,0.0741,0.1563,0.123,0.1021,0.1522,0.0844,0.105,0.0804,0.1687,0.1163,0.0639,0.1005,0.1245,0.0916,0.1814,0.1043,0.0757,0.1537,0.1582
97,98,0.1241,0.1302,0.0946,0.0993,0.1897,0.0814,0.0841,0.1405,0.117,0.097,0.1504,0.0786,0.1153,0.0746,0.1817,0.1317,0.0808,0.1059,0.1249,0.0997,0.1732,0.106,0.0812,0.1411,0.1588
98,99,0.1725,0.1361,0.1375,0.1734,0.1937,0.0997,0.1101,0.1762,0.1572,0.1179,0.1483,0.087,0.1274,0.0731,0.218,0.1151,0.0594,0.1244,0.124,0.096,0.1971,0.097,0.0869,0.1665,0.1827
99,100,0.1844,0.1495,0.1479,0.1786,0.1645,0.095,0.1021,0.1821,0.1793,0.1425,0.1665,0.1066,0.131,0.084,0.2037,0.1331,0.0658,0.1133,0.1309,0.1098,0.2123,0.11,0.1129,0.1664,0.1783
100,101,0.1903,0.1675,0.1603,0.1806,0.1829,0.1288,0.122,0.1886,0.1841,0.1516,0.1734,0.1632,0.1261,0.0844,0.2303,0.1374,0.0597,0.1336,0.1251,0.1298,0.2191,0.1204,0.103,0.1765,0.19
101,102,0.1774,0.1577,0.1542,0.1715,0.1665,0.0999,0.1056,0.179,0.1967,0.1286,0.1696,0.153,0.141,0.0738,0.2236,0.1061,0.0594,0.1424,0.1101,0.1079,0.218,0.108,0.1053,0.1716,0.1806
102,103,0.1771,0.1436,0.1544,0.1763,0.1712,0.1141,0.1192,0.1844,0.1802,0.1323,0.1518,0.1385,0.1341,0.0935,0.2203,0.1254,0.0709,0.1403,0.119,0.1133,0.2199,0.0858,0.104,0.1604,0.166
103,104,0.1803,0.1654,0.159,0.1566,0.1846,0.1242,0.1098,0.1576,0.1945,0.1382,0.1556,0.1535,0.1402,0.102,0.1928,0.1345,0.0657,0.1399,0.1379,0.1155,0.2191,0.1179,0.1045,0.1645,0.1553
104,105,0.1835,0.1506,0.1573,0.1887,0.1682,0.098,0.1236,0.171,0.163,0.1288,0.1531,0.1171,0.1384,0.0948,0.2098,0.1287,0.0497,0.145,0.1365,0.0974,0.2234,0.0913,0.0796,0.1633,0.1489
105,106,0.1686,0.1461,0.1587,0.1864,0.1707,0.0884,0.1241,0.1682,0.17,0.1388,0.1541,0.1395,0.1342,0.1008,0.2047,0.1197,0.0515,0.1591,0.1189,0.1157,0.2043,0.0965,0.0884,0.1635,0.157
106,107,0.178,0.142,0.1757,0.1741,0.1795,0.1089,0.1133,0.1854,0.1933,0.1395,0.1617,0.1496,0.1365,0.0987,0.2319,0.1413,0.0458,0.1801,0.11,0.1033,0.2299,0.1164,0.0934,0.1785,0.177
107,108,0.1968,0.1385,0.1644,0.1635,0.1837,0.104,0.1279,0.1849,0.17,0.1437,0.1553,0.1364,0.1317,0.0875,0.2159,0.1185,0.0368,0.1515,0.1335,0.116,0.2267,0.1163,0.1018,0.1847,0.1806
108,109,0.2119,0.1466,0.1735,0.1748,0.1701,0.1139,0.1176,0.2106,0.1942,0.1308,0.1562,0.1164,0.1356,0.0893,0.2099,0.1368,0.0539,0.1469,0.1269,0.0976,0.2204,0.098,0.0948,0.1653,0.1719
109,110,0.1785,0.1468,0.1621,0.1452,0.1873,0.1364,0.1366,0.1978,0.1795,0.1325,0.1724,0.1488,0.1682,0.0924,0.2186,0.1443,0.056,0.1318,0.1322,0.1012,0.2271,0.0986,0.1025,0.158,0.1473
110,111,0.1749,0.1636,0.179,0.188,0.1764,0.1134,0.1461,0.2075,0.1847,0.1498,0.1822,0.1543,0.1465,0.0943,0.2426,0.132,0.0362,0.1728,0.1311,0.1121,0.2484,0.1234,0.0945,0.2089,0.2016
111,112,0.1823,0.1569,0.1642,0.1958,0.1774,0.1013,0.1166,0.1747,0.159,0.1361,0.1681,0.153,0.1506,0.0888,0.2515,0.1442,0.0738,0.1425,0.1403,0.1199,0.2135,0.1332,0.1035,0.1818,0.1947
112,113,0.169,0.1459,0.1563,0.1754,0.1675,0.1031,0.135,0.1677,0.1586,0.1389,0.1726,0.1448,0.1464,0.0929,0.2385,0.1358,0.0305,0.1578,0.14,0.1094,0.215,0.1233,0.1006,0.1747,0.2011
113,114,0.1796,0.2166,0.1776,0.202,0.1667,0.1094,0.13,0.1826,0.1726,0.1451,0.1778,0.1521,0.1196,0.0842,0.2416,0.1304,0.0285,0.1424,0.1267,0.1004,0.2162,0.1148,0.0983,0.1836,0.2019
114,115,0.1746,0.1716,0.1681,0.2012,0.1877,0.1168,0.1409,0.174,0.1949,0.1384,0.1707,0.1467,0.1651,0.0821,0.2304,0.1543,0.0436,0.1587,0.1191,0.1105,0.2127,0.1124,0.1012,0.1833,0.2173
115,116,0.1621,0.1224,0.1662,0.183,0.1643,0.0967,0.1311,0.1586,0.1591,0.1053,0.1663,0.1201,0.1273,0.0961,0.2098,0.1249,0.0644,0.1292,0.1259,0.1026,0.1848,0.0897,0.0698,0.1588,0.1865
116,117,0.1699,0.1302,0.1609,0.1658,0.1658,0.0929,0.1237,0.15,0.157,0.1345,0.1671,0.1235,0.1246,0.097,0.2011,0.1127,0.0645,0.128,0.1206,0.0866,0.1987,0.1043,0.0785,0.156,0.1736
117,118,0.1918,0.1514,0.1627,0.1573,0.1756,0.1345,0.1217,0.1734,0.1918,0.1416,0.1664,0.1247,0.1446,0.0948,0.2183,0.1139,0.0829,0.1383,0.1236,0.0999,0.194,0.1403,0.0914,0.1659,0.1785
118,119,0.1902,0.1495,0.1784,0.1858,0.1968,0.0983,0.1245,0.1753,0.1897,0.1413,0.1612,0.1562,0.1556,0.1047,0.2544,0.1303,0.109,0.153,0.1131,0.1117,0.2278,0.1284,0.0964,0.1918,0.1873
119,120,0.1821,0.1478,0.1597,0.1723,0.1861,0.103,0.1405,0.1815,0.1783,0.1399,0.164,0.1362,0.1497,0.0973,0.2172,0.1575,0.0949,0.1469,0.11,0.1085,0.2128,0.109,0.0927,0.2224,0.1875
120,121,0.19,0.1522,0.1663,0.1732,0.1531,0.0978,0.1275,0.1667,0.1647,0.1357,0.1663,0.1444,0.141,0.0908,0.2051,0.1214,0.0995,0.1574,0.1214,0.1112,0.222,0.1204,0.0927,0.1938,0.1842
121,122,0.1885,0.1445,0.1597,0.1512,0.1653,0.0924,0.1112,0.1787,0.1799,0.1291,0.1441,0.1396,0.155,0.094,0.2152,0.1254,0.1015,0.1508,0.1253,0.1026,0.2254,0.1219,0.0924,0.1903,0.1454
122,123,0.1832,0.1439,0.1596,0.16,0.1994,0.0874,0.1176,0.1804,0.1862,0.1312,0.1514,0.1455,0.1416,0.1056,0.2201,0.1208,0.0943,0.1404,0.1225,0.0954,0.2103,0.1081,0.0996,0.188,0.166
123,124,0.1879,0.1439,0.1627,0.1691,0.1928,0.106,0.1236,0.1788,0.1738,0.1412,0.1501,0.1506,0.1193,0.0924,0.2203,0.11,0.1035,0.1472,0.1196,0.103,0.2218,0.0992,0.0851,0.1765,0.1811
124,125,0.1694,0.1515,0.1679,0.1833,0.1782,0.1104,0.1279,0.1922,0.1884,0.1421,0.1555,0.1415,0.151,0.0707,0.2189,0.1224,0.1007,0.1332,0.1237,0.1101,0.2226,0.0995,0.0972,0.1874,0.1897
125,126,0.1782,0.1382,0.1507,0.183,0.1951,0.1016,0.12,0.1875,0.1807,0.128,0.1411,0.1474,0.1337,0.0792,0.2284,0.1274,0.0905,0.1269,0.1115,0.1071,0.2152,0.1001,0.1016,0.1957,0.1984
126,127,0.1744,0.1615,0.1558,0.1687,0.1977,0.1095,0.1222,0.1974,0.1717,0.1355,0.1584,0.1471,0.147,0.0853,0.2318,0.1364,0.1056,0.1297,0.1107,0.1149,0.2286,0.0981,0.0952,0.1906,0.2048
127,128,0.1575,0.1514,0.1643,0.1639,0.1839,0.0992,0.1208,0.1877,0.1909,0.13,0.1424,0.1348,0.1307,0.0975,0.2313,0.1479,0.0903,0.1382,0.0929,0.0885,0.2244,0.0895,0.094,0.2029,0.2126
128,129,0.1817,0.167,0.1464,0.1658,0.1831,0.1002,0.1287,0.2252,0.1643,0.1353,0.1508,0.1331,0.1277,0.1061,0.2222,0.1544,0.0762,0.1336,0.1254,0.1032,0.2099,0.0818,0.1056,0.1792,0.1859
129,130,0.1807,0.1749,0.1631,0.2054,0.1955,0.0958,0.1458,0.2075,0.1797,0.1371,0.1672,0.1442,0.1654,0.0811,0.2332,0.1464,0.0947,0.1369,0.117,0.1073,0.2282,0.1169,0.0921,0.213,0.2232
130,131,0.1724,0.1537,0.159,0.1698,0.2216,0.0968,0.1095,0.1673,0.1677,0.1185,0.1576,0.1495,0.1321,0.0863,0.2266,0.1397,0.0919,0.1334,0.1139,0.101,0.1954,0.1096,0.096,0.1864,0.1947
131,132,0.1731,0.1509,0.1367,0.1595,0.1944,0.0894,0.1177,0.1427,0.1776,0.1272,0.1452,0.1462,0.131,0.0926,0.206,0.119,0.0739,0.1411,0.1121,0.0809,0.1991,0.0818,0.09,0.1889,0.1849
132,133,0.1789,0.1513,0.1544,0.165,0.1588,0.0986,0.1235,0.1533,0.1584,0.1257,0.1646,0.1335,0.1359,0.0934,0.2218,0.1342,0.0948,0.1461,0.1217,0.1025,0.2023,0.1035,0.0919,0.1816,0.1913
133,134,0.1656,0.1494,0.1639,0.1765,0.1882,0.0941,0.1121,0.1867,0.1063,0.127,0.1748,0.1357,0.1733,0.0924,0.2203,0.129,0.1118,0.1374,0.1268,0.101,0.2131,0.1033,0.1005,0.1902,0.199
134,135,0.1853,0.1432,0.16,0.1868,0.1893,0.102,0.1361,0.1883,0.1066,0.128,0.163,0.133,0.1371,0.093,0.2089,0.1476,0.0824,0.1427,0.1359,0.0993,0.2075,0.0831,0.09,0.1961,0.1967
135,136,0.1883,0.111,0.1382,0.1679,0.198,0.1001,0.127,0.1856,0.0858,0.1365,0.1725,0.1495,0.1741,0.0689,0.2145,0.1378,0.0891,0.1373,0.1256,0.1061,0.2096,0.1031,0.0976,0.1954,0.1813
136,137,0.1805,0.1365,0.1339,0.1832,0.2127,0.1051,0.1361,0.1853,0.1553,0.1362,0.163,0.1419,0.1566,0.0835,0.2244,0.1298,0.0792,0.1308,0.1199,0.1047,0.2148,0.111,0.1097,0.1954,0.1853
137,138,0.1822,0.1331,0.1272,0.1697,0.2035,0.105,0.1445,0.1834,0.1687,0.1283,0.1686,0.1401,0.1607,0.0951,0.2181,0.1475,0.091,0.1414,0.0976,0.1078,0.2165,0.101,0.1065,0.1917,0.1952
138,139,0.2154,0.1952,0.1661,0.2268,0.21,0.1442,0.1764,0.2336,0.2105,0.1361,0.2068,0.1471,0.1938,0.0981,0.2213,0.1426,0.0854,0.1555,0.1283,0.1183,0.24,0.1233,0.133,0.2581,0.3295
139,140,0.1946,0.1579,0.1482,0.1952,0.2372,0.1376,0.1683,0.1941,0.1884,0.1213,0.1775,0.118,0.1586,0.1004,0.1762,0.0857,0.0882,0.1246,0.0715,0.1044,0.1968,0.0832,0.1059,0.1607,0.2267
140,141,0.1864,0.1504,0.1572,0.1803,0.1845,0.0996,0.1379,0.2017,0.1435,0.1299,0.1671,0.1282,0.1659,0.0947,0.2158,0.1094,0.0902,0.1174,0.0867,0.1155,0.2232,0.0993,0.1261,0.1749,0.2008
141,142,0.1827,0.1483,0.1575,0.1748,0.1789,0.0975,0.131,0.166,0.1252,0.1241,0.144,0.1484,0.1234,0.0984,0.2087,0.1389,0.0816,0.1176,0.1012,0.1085,0.2169,0.1078,0.0962,0.1662,0.1959
142,143,0.1885,0.147,0.1449,0.1665,0.1747,0.1044,0.133,0.1813,0.1937,0.1334,0.151,0.149,0.1448,0.0892,0.2149,0.1263,0.084,0.1462,0.0901,0.1163,0.2137,0.1012,0.1205,0.188,0.1909
143,144,0.1899,0.14,0.1495,0.1458,0.1876,0.1002,0.1354,0.1702,0.1921,0.137,0.1639,0.1345,0.1431,0.0812,0.2108,0.109,0.0919,0.1455,0.0978,0.1241,0.2223,0.109,0.1221,0.1814,0.2016
144,145,0.1887,0.1457,0.1435,0.1821,0.2088,0.1028,0.1269,0.2035,0.1764,0.1321,0.1904,0.1364,0.1427,0.1005,0.2265,0.1234,0.0857,0.1523,0.1111,0.1088,0.2213,0.1138,0.1017,0.1802,0.2155
145,146,0.1872,0.1524,0.1705,0.1834,0.1931,0.097,0.1352,0.1874,0.1841,0.1258,0.1657,0.1291,0.1433,0.0915,0.2012,0.1159,0.081,0.1458,0.1012,0.1064,0.2153,0.1169,0.0957,0.193,0.1995
146,147,0.1927,0.1469,0.1677,0.1685,0.2007,0.0988,0.1278,0.1998,0.1859,0.1292,0.161,0.1371,0.1357,0.1092,0.2251,0.1089,0.0917,0.1327,0.1054,0.1142,0.2127,0.106,0.0962,0.1696,0.1816
147,148,0.1709,0.1612,0.1468,0.1849,0.2021,0.089,0.1156,0.1692,0.2114,0.1226,0.1585,0.1241,0.1539,0.1013,0.2202,0.1047,0.0748,0.1368,0.1151,0.1076,0.2043,0.1065,0.0964,0.1815,0.1971
148,149,0.1813,0.1403,0.1475,0.1595,0.2024,0.0932,0.1213,0.1791,0.1868,0.1371,0.1539,0.138,0.1379,0.0802,0.23,0.1031,0.085,0.1432,0.1202,0.0908,0.2167,0.1056,0.1021,0.1769,0.2085
149,150,0.1696,0.1382,0.1573,0.1593,0.2143,0.0944,0.126,0.1921,0.1873,0.132,0.1593,0.1087,0.1233,0.0752,0.2219,0.1116,0.1035,0.1196,0.114,0.1113,0.1789,0.0919,0.0987,0.1771,0.1661
150,151,0.1811,0.1555,0.1603,0.169,0.1906,0.0896,0.127,0.1827,0.1969,0.1411,0.15,0.1187,0.1269,0.1062,0.2302,0.1075,0.0889,0.1393,0.1014,0.1014,0.1676,0.1115,0.1184,0.1757,0.1981
151,152,0.1653,0.1622,0.1537,0.1871,0.1967,0.0944,0.1284,0.1832,0.2171,0.1358,0.1564,0.1461,0.1267,0.0873,0.2274,0.1126,0.0968,0.1495,0.0936,0.1075,0.211,0.1125,0.1073,0.1834,0.1801
152,153,0.1686,0.15,0.1361,0.1959,0.2026,0.1167,0.1393,0.1155,0.1884,0.1315,0.1688,0.1357,0.1298,0.0744,0.227,0.1223,0.0916,0.1374,0.1122,0.098,0.2146,0.1005,0.0999,0.1736,0.1862
153,154,0.1853,0.1798,0.1368,0.1779,0.2,0.1086,0.1257,0.1437,0.183,0.1327,0.1644,0.1434,0.1236,0.1065,0.2261,0.1157,0.0839,0.1463,0.1217,0.1071,0.2207,0.0969,0.1049,0.1873,0.1908
154,155,0.1745,0.1688,0.145,0.1979,0.1804,0.1053,0.1329,0.1585,0.1966,0.1349,0.166,0.1334,0.1461,0.0856,0.1692,0.1415,0.0987,0.1449,0.123,0.0986,0.1957,0.1277,0.098,0.1971,0.2079
155,156,0.1776,0.1526,0.1556,0.1795,0.1892,0.0921,0.1286,0.1683,0.2171,0.1405,0.1624,0.1351,0.1242,0.0935,0.183,0.1237,0.0913,0.15,0.1077,0.1001,0.2105,0.1195,0.1143,0.1829,0.1842
156,157,0.1626,0.1412,0.1497,0.1732,0.1761,0.1192,0.1226,0.1772,0.1762,0.1275,0.1601,0.1253,0.133,0.0778,0.2145,0.13,0.0653,0.1485,0.1188,0.0841,0.1886,0.0702,0.0965,0.1777,0.179
157,158,0.1643,0.2187,0.146,0.1718,0.1966,0.0871,0.1347,0.164,0.2077,0.1397,0.1803,0.1491,0.1433,0.1076,0.2186,0.1313,0.0823,0.1538,0.1157,0.0934,0.2229,0.1206,0.1082,0.2024,0.2073
158,159,0.1869,0.1698,0.1525,0.1868,0.1853,0.0963,0.1385,0.1871,0.2136,0.1316,0.1602,0.1461,0.1363,0.1014,0.2145,0.1198,0.0859,0.1313,0.1104,0.1041,0.2305,0.128,0.1006,0.1817,0.2005
159,160,0.1918,0.1516,0.158,0.191,0.1785,0.0982,0.1397,0.186,0.2117,0.1297,0.174,0.1581,0.1367,0.1107,0.2227,0.1477,0.0948,0.151,0.1131,0.1171,0.2054,0.116,0.1112,0.1822,0.2091
160,161,0.1783,0.131,0.1563,0.1829,0.1853,0.1094,0.1323,0.2072,0.2194,0.1266,0.1777,0.1541,0.1428,0.1049,0.2162,0.1392,0.1008,0.1592,0.1172,0.1014,0.2143,0.1082,0.1038,0.1858,0.1964
161,162,0.1817,0.1633,0.1551,0.2065,0.2027,0.1097,0.1385,0.2169,0.2307,0.1398,0.1895,0.1613,0.1245,0.0876,0.2333,0.1159,0.1023,0.1395,0.1171,0.1028,0.2209,0.1231,0.0956,0.1916,0.1945
162,163,0.1919,0.1685,0.1609,0.1768,0.1841,0.1117,0.151,0.2053,0.2148,0.1112,0.1958,0.1534,0.1548,0.0869,0.2418,0.1214,0.0944,0.1661,0.1208,0.1175,0.2254,0.1331,0.112,0.2004,0.2045
163,164,0.1313,0.1549,0.1516,0.195,0.181,0.1111,0.1457,0.1939,0.2195,0.1065,0.18,0.1455,0.1478,0.0915,0.2364,0.1473,0.0996,0.1743,0.1266,0.1239,0.2269,0.1305,0.0995,0.1821,0.1945
164,165,0.1676,0.1516,0.1675,0.1919,0.1988,0.0947,0.1501,0.1829,0.2157,0.1528,0.1935,0.1562,0.1446,0.0895,0.2281,0.1252,0.1073,0.15,0.1135,0.1078,0.2226,0.1329,0.1176,0.1853,0.2022
165,166,0.1877,0.1667,0.1554,0.1788,0.1834,0.1185,0.1509,0.1844,0.2162,0.1521,0.1775,0.1384,0.1279,0.0998,0.2418,0.1245,0.1076,0.1545,0.1125,0.1056,0.2361,0.138,0.112,0.2015,0.215
166,167,0.1857,0.1597,0.1625,0.1987,0.1991,0.1189,0.1504,0.1908,0.243,0.1571,0.187,0.1539,0.1442,0.0936,0.2408,0.1025,0.0936,0.166,0.1101,0.1068,0.237,0.1482,0.1118,0.2104,0.2126
167,168,0.1758,0.1559,0.1714,0.1735,0.1787,0.1223,0.1518,0.1889,0.2277,0.1569,0.1692,0.1496,0.1419,0.1041,0.2452,0.1308,0.1067,0.1486,0.1027,0.06,0.2055,0.142,0.117,0.195,0.2034
168,169,0.1677,0.131,0.1505,0.1709,0.1946,0.1152,0.1495,0.1535,0.2105,0.1623,0.1819,0.1652,0.1349,0.1093,0.2249,0.1033,0.09,0.1354,0.117,0.0751,0.2015,0.1454,0.1071,0.1914,0.2151
169,170,0.1896,0.152,0.1664,0.1857,0.1862,0.1147,0.1507,0.1742,0.2052,0.1534,0.1848,0.1347,0.1398,0.0938,0.2475,0.1009,0.0779,0.1467,0.112,0.0842,0.2072,0.1246,0.1062,0.1956,0.2132
170,171,0.1827,0.1718,0.1773,0.1929,0.1866,0.1192,0.1614,0.2007,0.223,0.1422,0.1847,0.1683,0.1456,0.0968,0.2457,0.1117,0.1024,0.1548,0.0935,0.0935,0.2184,0.146,0.1152,0.219,0.2063
171,172,0.1729,0.171,0.141,0.1814,0.117,0.1417,0.1691,0.1814,0.2148,0.1597,0.1779,0.1519,0.132,0.1016,0.2436,0.1411,0.1229,0.1498,0.076,0.1035,0.222,0.1457,0.1236,0.2035,0.2081
172,173,0.1914,0.1553,0.1241,0.1839,0.1875,0.1168,0.1608,0.1968,0.229,0.1509,0.1738,0.1489,0.1341,0.0824,0.2359,0.1192,0.1114,0.1539,0.086,0.0841,0.2347,0.1477,0.1246,0.2037,0.211
173,174,0.1992,0.1754,0.1493,0.1872,0.1808,0.1038,0.1561,0.1831,0.2229,0.1564,0.1713,0.1507,0.1518,0.0938,0.2525,0.1296,0.0942,0.1576,0.0872,0.1002,0.2295,0.1287,0.1375,0.2012,0.2051
174,175,0.1829,0.1636,0.1451,0.166,0.1788,0.1089,0.154,0.1793,0.2157,0.151,0.1773,0.1575,0.1333,0.0868,0.2321,0.1141,0.1071,0.1577,0.0845,0.0968,0.2307,0.1437,0.1086,0.2038,0.1983
175,176,0.1822,0.1526,0.141,0.1771,0.2058,0.106,0.1448,0.1917,0.2027,0.157,0.178,0.1523,0.1489,0.0627,0.2384,0.1148,0.0863,0.1552,0.084,0.0879,0.2276,0.1477,0.1029,0.1976,0.1898
176,177,0.1829,0.1443,0.1357,0.1725,0.1713,0.106,0.145,0.2158,0.1887,0.1486,0.1664,0.1506,0.1236,0.0764,0.2318,0.1194,0.1061,0.1462,0.0874,0.0949,0.2277,0.1363,0.1062,0.2013,0.1921
177,178,0.1908,0.1702,0.1583,0.1785,0.1771,0.1148,0.162,0.214,0.2128,0.1442,0.1811,0.1244,0.1239,0.0864,0.2499,0.1181,0.1109,0.1557,0.0782,0.1014,0.2471,0.131,0.1093,0.2075,0.2028
178,179,0.1814,0.1465,0.1611,0.173,0.1801,0.1006,0.1577,0.2001,0.2106,0.1488,0.1685,0.1241,0.1402,0.0787,0.2403,0.1187,0.1094,0.172,0.0792,0.1137,0.2223,0.1441,0.1226,0.1911,0.2035
179,180,0.1766,0.1604,0.1499,0.1891,0.1947,0.124,0.161,0.1919,0.2152,0.1437,0.1851,0.14,0.1453,0.1024,0.2273,0.1281,0.0985,0.166,0.0731,0.1046,0.2092,0.1238,0.1137,0.197,0.2072
180,181,0.1865,0.1663,0.1517,0.1927,0.1853,0.1203,0.1472,0.2076,0.2084,0.1397,0.1775,0.1321,0.1335,0.1002,0.2338,0.1292,0.1126,0.1644,0.074,0.1047,0.2306,0.1374,0.1152,0.1983,0.1958
181,182,0.1754,0.1437,0.145,0.1863,0.1797,0.1131,0.159,0.1945,0.1823,0.1669,0.1786,0.0688,0.1379,0.0997,0.2431,0.1355,0.084,0.1522,0.0755,0.1179,0.2214,0.1264,0.1337,0.2009,0.2059
182,183,0.1884,0.1612,0.1272,0.195,0.1738,0.1051,0.15,0.2093,0.1985,0.1688,0.1826,0.0748,0.1377,0.1106,0.2149,0.1219,0.0901,0.1556,0.0786,0.0954,0.2271,0.1411,0.1108,0.1994,0.2021
183,184,0.1798,0.156,0.1281,0.1794,0.1721,0.102,0.1577,0.2072,0.2081,0.1708,0.1665,0.0832,0.1311,0.1138,0.2301,0.1494,0.1029,0.1503,0.0728,0.0935,0.226,0.1324,0.1197,0.2103,0.2037
184,185,0.1912,0.162,0.1639,0.1838,0.1804,0.1122,0.1648,0.1994,0.1838,0.1697,0.18,0.0975,0.1255,0.1081,0.2301,0.1422,0.0954,0.1585,0.0765,0.0838,0.2298,0.1411,0.1406,0.2009,0.199
185,186,0.2009,0.1528,0.1604,0.1645,0.1843,0.1142,0.1611,0.1592,0.1987,0.1757,0.1625,0.0936,0.1305,0.0825,0.196,0.1285,0.0837,0.171,0.0811,0.0927,0.2208,0.1413,0.1047,0.2086,0.1997
186,187,0.1769,0.1664,0.1593,0.2023,0.175,0.1141,0.1546,0.2158,0.1904,0.1782,0.1837,0.0969,0.1301,0.0982,0.2308,0.1434,0.0981,0.1534,0.0993,0.0958,0.2202,0.1173,0.1262,0.2044,0.2077
187,188,0.1846,0.1457,0.1699,0.1879,0.1902,0.1154,0.1539,0.232,0.1774,0.1716,0.1811,0.0974,0.1388,0.1127,0.2162,0.1387,0.1062,0.1648,0.088,0.1021,0.2258,0.1427,0.1211,0.198,0.2067
188,189,0.1825,0.1677,0.1669,0.1983,0.2022,0.1135,0.1714,0.2136,0.1741,0.1775,0.1588,0.1054,0.1377,0.1096,0.2214,0.1329,0.0906,0.1543,0.0887,0.1038,0.2071,0.1432,0.1268,0.2077,0.2074
189,190,0.1939,0.1692,0.1765,0.174,0.1948,0.1199,0.1694,0.2118,0.1866,0.1741,0.1865,0.1072,0.1312,0.0947,0.2042,0.1332,0.1215,0.1569,0.0784,0.1144,0.2157,0.1404,0.1382,0.1894,0.2108
190,191,0.1906,0.1747,0.1611,0.1792,0.202,0.1295,0.1653,0.1883,0.1848,0.1649,0.1856,0.0969,0.1274,0.082,0.2269,0.1396,0.1007,0.1646,0.0878,0.1469,0.2209,0.1655,0.1337,0.1952,0.2091
191,192,0.1836,0.1799,0.1701,0.1703,0.1814,0.1271,0.1552,0.2151,0.186,0.1765,0.1972,0.1029,0.139,0.0963,0.2246,0.1282,0.1029,0.1708,0.0749,0.158,0.2179,0.1528,0.126,0.191,0.2094
192,193,0.1521,0.1585,0.1324,0.1824,0.1827,0.1227,0.1536,0.1953,0.1768,0.1652,0.1591,0.0922,0.1198,0.0817,0.1989,0.1362,0.0958,0.1657,0.077,0.1616,0.2148,0.1413,0.1327,0.1864,0.2056
193,194,0.1254,0.1644,0.093,0.1903,0.1832,0.1241,0.1657,0.161,0.1494,0.1643,0.1664,0.0959,0.1223,0.105,0.1697,0.1277,0.0946,0.1697,0.0581,0.1568,0.2074,0.1359,0.1088,0.1911,0.1979
194,195,0.1191,0.1705,0.1172,0.1948,0.1867,0.1176,0.1624,0.1664,0.1715,0.1626,0.1737,0.0934,0.13,0.1069,0.1627,0.1373,0.1024,0.1617,0.0647,0.1759,0.2132,0.1251,0.1268,0.1985,0.2106
195,196,0.1517,0.1828,0.1252,0.1779,0.1699,0.1052,0.1651,0.1815,0.1544,0.1682,0.1664,0.0837,0.133,0.0957,0.1503,0.1589,0.0963,0.1603,0.0787,0.1711,0.2145,0.1333,0.1094,0.1869,0.2059
196,197,0.1633,0.1623,0.1387,0.1893,0.1662,0.1213,0.1527,0.1935,0.1477,0.1566,0.1643,0.0766,0.1363,0.0983,0.22,0.1264,0.0801,0.1441,0.1024,0.1718,0.2075,0.1428,0.1086,0.176,0.2138
197,198,0.1849,0.1704,0.1518,0.1851,0.1803,0.113,0.1617,0.1979,0.1345,0.1689,0.1575,0.0804,0.1326,0.1125,0.2375,0.1496,0.0953,0.1747,0.0828,0.1664,0.2122,0.1586,0.1181,0.199,0.2126
198,199,0.1814,0.1684,0.174,0.1949,0.2021,0.1106,0.1661,0.2063,0.1793,0.1717,0.1577,0.0811,0.1433,0.115,0.2638,0.1528,0.0821,0.1503,0.0826,0.1626,0.2139,0.1377,0.1389,0.2137,0.215
199,200,0.1928,0.1669,0.1688,0.1943,0.2073,0.1042,0.1802,0.2272,0.2015,0.1701,0.1647,0.0776,0.1556,0.129,0.2624,0.1319,0.0901,0.1652,0.0749,0.1561,0.2357,0.1764,0.1288,0.2308,0.2191
200,201,0.1759,0.171,0.1585,0.1767,0.2095,0.125,0.1758,0.2031,0.2174,0.1688,0.1471,0.0762,0.1345,0.1235,0.2742,0.121,0.1037,0.1369,0.0715,0.1527,0.2133,0.1627,0.1376,0.2024,0.2193
201,202,0.1983,0.1853,0.1423,0.1706,0.1938,0.1205,0.176,0.2279,0.1829,0.1621,0.1575,0.0735,0.1287,0.0994,0.2917,0.1533,0.1039,0.1531,0.0664,0.1545,0.2138,0.1748,0.1222,0.2032,0.2117
202,203,0.188,0.1405,0.1617,0.1872,0.2039,0.1128,0.1696,0.21,0.1976,0.1739,0.1517,0.077,0.1322,0.0654,0.2623,0.1397,0.0971,0.1597,0.1271,0.1609,0.2151,0.1512,0.1377,0.2121,0.2093
203,204,0.201,0.1872,0.1659,0.182,0.1977,0.1318,0.1563,0.2225,0.2185,0.1708,0.1518,0.0774,0.161,0.0641,0.2481,0.1263,0.0888,0.1661,0.087,0.144,0.2188,0.1595,0.1456,0.2133,0.2095
204,205,0.2011,0.1696,0.1197,0.1793,0.1974,0.1327,0.1226,0.2313,0.2001,0.1708,0.1471,0.0838,0.13,0.0934,0.2537,0.1314,0.0844,0.1646,0.0798,0.1576,0.2288,0.1406,0.1557,0.191,0.1984
205,206,0.19,0.1725,0.1561,0.1699,0.1832,0.1311,0.1744,0.2269,0.2103,0.1791,0.1583,0.0825,0.145,0.1052,0.25,0.121,0.0929,0.1773,0.0881,0.1516,0.2425,0.1287,0.1392,0.196,0.2294
206,207,0.1955,0.1853,0.1616,0.168,0.1862,0.1082,0.1708,0.2169,0.2187,0.1775,0.1485,0.0778,0.1463,0.0745,0.2407,0.1483,0.089,0.1636,0.1291,0.1483,0.2321,0.1512,0.1391,0.2045,0.2084
207,208,0.1849,0.161,0.1642,0.1655,0.1939,0.1118,0.1619,0.2118,0.2093,0.1733,0.1451,0.0858,0.1382,0.0926,0.2406,0.1346,0.1098,0.1224,0.091,0.159,0.2297,0.1476,0.1375,0.2119,0.201
208,209,0.1933,0.1847,0.1508,0.1877,0.1817,0.117,0.1465,0.2285,0.2003,0.1708,0.1491,0.0837,0.1397,0.1094,0.2373,0.1445,0.0865,0.1265,0.1017,0.1545,0.2219,0.1424,0.1124,0.2026,0.2053
209,210,0.2075,0.2249,0.1348,0.2377,0.2063,0.1418,0.1685,0.2402,0.235,0.1852,0.1669,0.0974,0.15,0.15,0.2506,0.166,0.1182,0.1203,0.1019,0.1456,0.235,0.1615,0.1715,0.2317,0.2307
210,211,0.1929,0.1719,0.1527,0.2119,0.191,0.1264,0.1583,0.2379,0.2116,0.1742,0.1564,0.0887,0.1512,0.1096,0.2546,0.1226,0.0974,0.1252,0.085,0.1478,0.2357,0.1503,0.1479,0.2012,0.2233
211,212,0.1848,0.1837,0.1447,0.2045,0.1948,0.1154,0.1516,0.2321,0.2122,0.1758,0.1428,0.0994,0.1473,0.1132,0.2244,0.153,0.0819,0.1121,0.0951,0.1507,0.2413,0.1519,0.1484,0.2114,0.2097
212,213,0.1925,0.1694,0.1339,0.2142,0.1791,0.1376,0.1571,0.2279,0.2174,0.175,0.1541,0.0896,0.1642,0.1158,0.2486,0.1204,0.0952,0.139,0.0961,0.1539,0.2297,0.1623,0.161,0.2096,0.2075
213,214,0.1908,0.1652,0.1605,0.1975,0.1853,0.1243,0.1351,0.2049,0.1884,0.1812,0.151,0.0935,0.1448,0.1155,0.2371,0.1382,0.0828,0.1096,0.1236,0.153,0.2472,0.1662,0.1344,0.1903,0.1801
214,215,0.1811,0.162,0.1495,0.2014,0.184,0.123,0.1553,0.204,0.1992,0.1676,0.1491,0.1017,0.1369,0.1215,0.2209,0.1408,0.077,0.1126,0.1114,0.1351,0.2535,0.1356,0.1431,0.1995,0.2102
215,216,0.1649,0.1722,0.181,0.1979,0.2014,0.1296,0.1749,0.2282,0.1849,0.1799,0.1436,0.0991,0.1495,0.113,0.2623,0.1251,0.1039,0.1066,0.1033,0.1508,0.2574,0.1552,0.1442,0.2197,0.2232
216,217,0.157,0.1904,0.19,0.2435,0.201,0.1178,0.1771,0.222,0.1825,0.1834,0.1762,0.1056,0.166,0.1071,0.2605,0.1397,0.1005,0.1329,0.12,0.1618,0.2496,0.1878,0.1329,0.252,0.2552
217,218,0.1773,0.1936,0.1658,0.2121,0.215,0.1483,0.1851,0.2175,0.1352,0.1796,0.1726,0.1067,0.1687,0.1258,0.232,0.145,0.094,0.1148,0.1475,0.1591,0.2644,0.1815,0.1438,0.2329,0.1873
218,219,0.1671,0.2047,0.1435,0.2287,0.1917,0.1281,0.1879,0.2055,0.1705,0.1743,0.1496,0.1062,0.1653,0.1219,0.2537,0.1306,0.0942,0.1205,0.1401,0.1509,0.2498,0.1405,0.1366,0.235,0.2297
219,220,0.1947,0.199,0.1678,0.2023,0.2005,0.1201,0.1813,0.2296,0.1956,0.1824,0.1637,0.0973,0.1581,0.1378,0.2623,0.1325,0.08,0.1247,0.1501,0.1352,0.2412,0.1376,0.1325,0.2174,0.227
220,221,0.1591,0.1492,0.1638,0.1917,0.1877,0.1135,0.1553,0.174,0.2047,0.1871,0.165,0.0851,0.1429,0.1086,0.1774,0.129,0.0549,0.1029,0.1345,0.1244,0.2246,0.1499,0.1035,0.1942,0.2015
221,222,0.1746,0.1832,0.1593,0.1868,0.197,0.1275,0.1645,0.2063,0.2116,0.1772,0.1653,0.1042,0.1429,0.1284,0.2525,0.1337,0.0706,0.1252,0.1449,0.1117,0.2433,0.1324,0.1092,0.2148,0.2022
222,223,0.184,0.1971,0.1772,0.1918,0.2112,0.1305,0.1774,0.214,0.1767,0.1737,0.1564,0.0983,0.1323,0.1028,0.2386,0.1263,0.0737,0.1257,0.1405,0.1562,0.2444,0.1568,0.1425,0.2123,0.2072
223,224,0.173,0.1846,0.171,0.1823,0.2067,0.1307,0.185,0.2089,0.2091,0.1777,0.1625,0.096,0.1409,0.1173,0.2445,0.1292,0.1103,0.1158,0.1543,0.1551,0.2369,0.134,0.1386,0.2169,0.2161
224,225,0.1768,0.1876,0.141,0.1884,0.1986,0.1227,0.173,0.1985,0.201,0.1801,0.1636,0.0971,0.1461,0.1117,0.2253,0.1442,0.1118,0.1082,0.1538,0.1633,0.2265,0.155,0.1575,0.2152,0.2216
225,226,0.1861,0.2067,0.1424,0.2,0.2159,0.1266,0.1668,0.2095,0.2029,0.1749,0.1638,0.1092,0.1318,0.1222,0.2609,0.187,0.11,0.1086,0.1565,0.1582,0.2587,0.1651,0.1519,0.2263,0.2306
226,227,0.1731,0.1791,0.1533,0.1887,0.2037,0.1099,0.1571,0.2318,0.2058,0.1817,0.1623,0.1068,0.153,0.115,0.266,0.1501,0.0877,0.1098,0.1525,0.1553,0.249,0.1486,0.159,0.2189,0.2046
227,228,0.1886,0.1868,0.167,0.2017,0.2196,0.1194,0.1748,0.2348,0.2032,0.1837,0.1579,0.105,0.1526,0.1099,0.2654,0.1563,0.0823,0.1205,0.147,0.1547,0.2445,0.1623,0.1487,0.233,0.2215
228,229,0.1947,0.1921,0.1507,0.1865,0.2001,0.1214,0.1771,0.2316,0.2081,0.1744,0.1565,0.0973,0.1399,0.104,0.2616,0.1572,0.0928,0.1116,0.1308,0.1844,0.2568,0.1549,0.1351,0.2423,0.2161
229,230,0.1869,0.201,0.1549,0.1851,0.2105,0.1182,0.1719,0.2348,0.2006,0.1771,0.1397,0.1073,0.1261,0.075,0.2536,0.1727,0.085,0.1091,0.1283,0.1523,0.2541,0.1657,0.1248,0.2164,0.215
230,231,0.1954,0.1945,0.1535,0.2032,0.1968,0.1344,0.1603,0.2298,0.2069,0.182,0.1486,0.106,0.13,0.1097,0.2431,0.1398,0.069,0.1126,0.1436,0.16,0.2487,0.155,0.1398,0.2218,0.2188
231,232,0.2007,0.2249,0.1557,0.2037,0.2075,0.1334,0.1719,0.2362,0.2108,0.1725,0.1549,0.1331,0.1353,0.1141,0.259,0.1718,0.081,0.1062,0.1372,0.184,0.2629,0.1443,0.1628,0.2243,0.2249
232,233,0.1945,0.2118,0.1601,0.1886,0.211,0.1252,0.1547,0.2338,0.2026,0.18,0.1486,0.1107,0.1503,0.1164,0.2627,0.0969,0.0968,0.1081,0.1384,0.1627,0.2601,0.1588,0.1331,0.2212,0.2131
233,234,0.1949,0.1944,0.1546,0.2005,0.2165,0.1143,0.1598,0.2386,0.2189,0.1843,0.1402,0.1047,0.1418,0.1126,0.2575,0.1252,0.1001,0.1209,0.1466,0.1624,0.2593,0.1618,0.1494,0.2078,0.2093
234,235,0.1935,0.1912,0.1539,0.2163,0.2185,0.131,0.1662,0.2204,0.2191,0.1759,0.1487,0.0982,0.1273,0.107,0.2809,0.1646,0.08,0.1284,0.1372,0.1489,0.2516,0.1454,0.1452,0.2155,0.2168
235,236,0.1951,0.1865,0.1712,0.1912,0.2093,0.1185,0.1583,0.2141,0.2254,0.1776,0.1276,0.112,0.126,0.109,0.2775,0.142,0.0865,0.125,0.1357,0.1497,0.2579,0.1567,0.1493,0.2154,0.2299
236,237,0.1988,0.2086,0.1548,0.2225,0.1975,0.143,0.1698,0.2128,0.1666,0.1829,0.1201,0.1032,0.1511,0.1134,0.2681,0.1713,0.0805,0.1094,0.1285,0.15,0.2473,0.1319,0.1311,0.2569,0.2185
237,238,0.1932,0.1578,0.1465,0.238,0.2146,0.1269,0.1512,0.2172,0.182,0.1648,0.125,0.0866,0.1201,0.1074,0.2674,0.1294,0.0427,0.079,0.1436,0.1624,0.2318,0.0874,0.1098,0.228,0.2112
238,239,0.1829,0.2076,0.155,0.2432,0.189,0.1181,0.1606,0.2325,0.2054,0.1694,0.1523,0.0945,0.1418,0.1067,0.2675,0.1119,0.0831,0.1209,0.1405,0.1702,0.2521,0.1461,0.1381,0.2592,0.2291
239,240,0.1894,0.1994,0.1667,0.2318,0.2113,0.1139,0.1693,0.2354,0.211,0.1761,0.1416,0.0981,0.1356,0.0808,0.2751,0.0491,0.089,0.1283,0.1294,0.1106,0.2513,0.147,0.1804,0.2395,0.2289
240,241,0.2113,0.1903,0.1634,0.2344,0.213,0.1135,0.1746,0.242,0.2117,0.1811,0.1395,0.1057,0.1393,0.0952,0.2763,0.1618,0.0938,0.1287,0.1377,0.1612,0.2444,0.1544,0.1501,0.2255,0.2275
241,242,0.1946,0.1958,0.1605,0.2092,0.2218,0.1165,0.1607,0.2416,0.1915,0.1646,0.1238,0.1068,0.1474,0.083,0.2686,0.1886,0.0939,0.1192,0.1386,0.1638,0.2505,0.1403,0.1507,0.2291,0.2252
242,243,0.1993,0.1953,0.1769,0.2167,0.2254,0.1042,0.1628,0.2206,0.1954,0.1752,0.1445,0.1083,0.144,0.0814,0.2661,0.1006,0.0952,0.1123,0.1283,0.152,0.2495,0.1447,0.1497,0.2284,0.2262
243,244,0.2012,0.1965,0.1608,0.2516,0.2343,0.1146,0.153,0.2402,0.2242,0.1849,0.1729,0.1207,0.1639,0.076,0.2518,0.1133,0.0816,0.0982,0.1101,0.1752,0.2591,0.1602,0.158,0.2204,0.2314
244,245,0.1779,0.2121,0.1534,0.2216,0.2493,0.1238,0.1514,0.246,0.218,0.1684,0.16,0.1031,0.1454,0.0811,0.268,0.1026,0.0859,0.104,0.1267,0.1663,0.2586,0.1363,0.1412,0.2167,0.2223
245,246,0.1894,0.205,0.1521,0.2225,0.2378,0.1257,0.1616,0.2528,0.2231,0.1775,0.17,0.1024,0.1387,0.1053,0.2723,0.1354,0.0971,0.1165,0.144,0.169,0.2596,0.1392,0.1425,0.2173,0.2348
246,247,0.1818,0.2132,0.1754,0.2232,0.2098,0.1211,0.168,0.2316,0.2393,0.1726,0.1764,0.1021,0.1389,0.0901,0.267,0.1681,0.1005,0.1232,0.138,0.1797,0.2578,0.1488,0.1391,0.2256,0.2192
247,248,0.1804,0.1876,0.1729,0.2054,0.2113,0.1372,0.1742,0.235,0.2448,0.1698,0.1674,0.085,0.1468,0.0971,0.2536,0.1343,0.0995,0.1158,0.1471,0.1839,0.26,0.1502,0.1476,0.2281,0.2186
248,249,0.1942,0.2388,0.154,0.2231,0.217,0.103,0.1743,0.2464,0.235,0.1735,0.1711,0.1084,0.129,0.1042,0.2574,0.1214,0.0743,0.1156,0.1459,0.1615,0.2533,0.1316,0.1636,0.2148,0.2292
249,250,0.1835,0.2105,0.1417,0.2133,0.2248,0.1231,0.176,0.2326,0.23,0.1733,0.1746,0.1015,0.1364,0.0899,0.2481,0.1471,0.1041,0.1122,0.1251,0.1565,0.2599,0.151,0.1343,0.2071,0.2254
250,251,0.1703,0.2037,0.1592,0.215,0.2317,0.1095,0.1634,0.2364,0.248,0.1777,0.1657,0.1036,0.1252,0.0896,0.2635,0.1105,0.09,0.0988,0.1276,0.156,0.2417,0.1382,0.1568,0.205,0.2287
251,252,0.18,0.214,0.1551,0.2051,0.24,0.1111,0.1681,0.2005,0.2321,0.1761,0.1768,0.1111,0.1345,0.0863,0.265,0.1311,0.084,0.1055,0.1302,0.1771,0.2417,0.0938,0.151,0.2377,0.216
252,253,0.1867,0.2208,0.1662,0.2062,0.2509,0.1261,0.1702,0.2329,0.2277,0.1944,0.1622,0.1192,0.1305,0.0919,0.2449,0.1176,0.0795,0.1146,0.133,0.1579,0.2394,0.1688,0.1664,0.2558,0.2021
253,254,0.1685,0.245,0.1641,0.2032,0.2297,0.1178,0.1707,0.2514,0.2379,0.1868,0.1863,0.0999,0.1523,0.1223,0.2518,0.1545,0.091,0.1005,0.1198,0.1572,0.2371,0.1171,0.152,0.2301,0.2269
254,255,0.1935,0.2227,0.1832,0.2302,0.2227,0.13,0.1763,0.2268,0.2181,0.1828,0.1888,0.1043,0.1463,0.0935,0.2228,0.1413,0.0932,0.1095,0.1302,0.1566,0.2407,0.139,0.1558,0.2297,0.2342
255,256,0.1895,0.2363,0.1764,0.2311,0.2422,0.1225,0.1597,0.2273,0.238,0.1683,0.1848,0.0976,0.148,0.1052,0.2369,0.137,0.0908,0.1088,0.1262,0.143,0.2371,0.1355,0.1393,0.2278,0.2364
256,257,0.203,0.2176,0.1747,0.2091,0.2446,0.1076,0.1671,0.2292,0.2088,0.1685,0.1799,0.098,0.1385,0.0955,0.2486,0.1297,0.0918,0.0997,0.1443,0.1432,0.2401,0.1196,0.1446,0.1972,0.2353
257,258,0.1766,0.2218,0.1749,0.2186,0.2479,0.1137,0.1641,0.2446,0.2297,0.1769,0.202,0.129,0.144,0.0911,0.2645,0.1632,0.0912,0.1132,0.1436,0.1638,0.2566,0.1194,0.1598,0.1986,0.2229
258,259,0.2031,0.2716,0.1971,0.2397,0.2264,0.1328,0.1824,0.2547,0.2588,0.1819,0.2147,0.1268,0.1785,0.0975,0.2528,0.2085,0.0924,0.1219,0.1373,0.1598,0.273,0.144,0.1595,0.2725,0.2814
259,260,0.2119,0.2762,0.1747,0.3345,0.3163,0.166,0.2146,0.2426,0.2858,0.1929,0.2315,0.1504,0.2091,0.1616,0.2529,0.2071,0.1,0.1274,0.1278,0.1596,0.2844,0.1624,0.1706,0.2609,0.2571
260,261,0.1963,0.2239,0.1634,0.2743,0.2861,0.1271,0.1358,0.2393,0.2397,0.1793,0.1929,0.1169,0.1278,0.1027,0.2315,0.1664,0.0854,0.1094,0.1626,0.16,0.2657,0.1305,0.1664,0.1857,0.2273
261,262,0.1921,0.2778,0.153,0.2306,0.2542,0.1119,0.1666,0.2375,0.2178,0.154,0.1864,0.1055,0.1481,0.1195,0.2543,0.133,0.0829,0.1151,0.1358,0.1571,0.2711,0.1157,0.1349,0.2351,0.2258
262,263,0.1624,0.2144,0.1592,0.2341,0.2222,0.1114,0.1555,0.2501,0.2338,0.1677,0.1856,0.1095,0.0951,0.0957,0.2554,0.1377,0.0922,0.1073,0.1205,0.1558,0.2286,0.138,0.151,0.2013,0.2165
263,264,0.1666,0.2117,0.1782,0.2086,0.1917,0.1218,0.1818,0.2352,0.2398,0.1734,0.171,0.1101,0.1396,0.1165,0.2506,0.142,0.0927,0.1118,0.1325,0.1476,0.233,0.1237,0.1457,0.1919,0.2272
264,265,0.1734,0.2351,0.1606,0.2234,0.2009,0.118,0.1822,0.2148,0.2328,0.1716,0.1986,0.1009,0.1478,0.1196,0.2056,0.1541,0.064,0.101,0.1566,0.1597,0.2626,0.1532,0.1346,0.2092,0.2216
265,266,0.1963,0.231,0.1709,0.2254,0.217,0.1372,0.1572,0.2574,0.2527,0.1795,0.1929,0.1075,0.1614,0.1114,0.2556,0.1521,0.079,0.1292,0.141,0.1621,0.2608,0.1353,0.158,0.241,0.2216
266,267,0.1652,0.2397,0.1428,0.2066,0.1939,0.1047,0.1605,0.2391,0.2255,0.1719,0.1758,0.1088,0.142,0.1007,0.2225,0.1621,0.0943,0.1448,0.1498,0.1605,0.2517,0.1334,0.1594,0.2383,0.215
267,268,0.1978,0.2347,0.1709,0.2055,0.2207,0.1081,0.1726,0.2045,0.2297,0.1799,0.1904,0.1146,0.1456,0.1021,0.2465,0.1391,0.0838,0.1518,0.155,0.1591,0.2585,0.1487,0.1526,0.197,0.2201
268,269,0.1955,0.2143,0.181,0.2119,0.2153,0.1187,0.1841,0.2228,0.2261,0.1754,0.183,0.1192,0.172,0.0918,0.2449,0.1304,0.0917,0.1481,0.1458,0.1697,0.2634,0.1308,0.1646,0.2368,0.2221
269,270,0.209,0.2188,0.1824,0.2278,0.2529,0.1377,0.1988,0.2426,0.2071,0.1805,0.2052,0.1111,0.1815,0.1125,0.266,0.1343,0.0843,0.1659,0.1268,0.1465,0.3118,0.171,0.1345,0.2264,0.2338
270,271,0.1712,0.2453,0.1802,0.2206,0.2562,0.1321,0.2085,0.2312,0.2014,0.1824,0.1902,0.1303,0.2072,0.108,0.2628,0.1147,0.0928,0.1596,0.1583,0.1296,0.2945,0.1213,0.1533,0.2337,0.2286
271,272,0.1988,0.2375,0.1775,0.2281,0.2207,0.137,0.1907,0.2243,0.2008,0.1843,0.1796,0.1165,0.1568,0.1058,0.2658,0.1473,0.1253,0.1563,0.2092,0.152,0.2601,0.1399,0.1461,0.2443,0.224
272,273,0.1613,0.2389,0.17,0.2229,0.2179,0.128,0.184,0.2233,0.2018,0.1762,0.1858,0.108,0.1391,0.1104,0.2534,0.1254,0.0965,0.127,0.1995,0.1466,0.217,0.1343,0.1388,0.2192,0.227
273,274,0.1945,0.2164,0.175,0.2013,0.2193,0.115,0.1709,0.2083,0.2174,0.1845,0.2053,0.1079,0.1482,0.1251,0.256,0.1448,0.1136,0.1336,0.1862,0.1407,0.2556,0.1199,0.1329,0.2411,0.2187
274,275,0.199,0.2323,0.1658,0.1882,0.2041,0.1201,0.1783,0.2054,0.2028,0.1626,0.1745,0.1111,0.1571,0.0902,0.2696,0.188,0.0891,0.1379,0.1818,0.1326,0.2365,0.1055,0.1542,0.2284,0.2212
275,276,0.1882,0.299,0.181,0.195,0.2292,0.1134,0.1744,0.2059,0.2068,0.183,0.1833,0.1189,0.1581,0.1216,0.2776,0.1588,0.1008,0.1411,0.1746,0.1412,0.2539,0.133,0.1666,0.2704,0.2306
276,277,0.1914,0.2849,0.1722,0.218,0.2215,0.1318,0.1747,0.2205,0.2099,0.1821,0.2145,0.1103,0.1713,0.0986,0.2682,0.1541,0.0983,0.1421,0.1803,0.1535,0.2686,0.148,0.1598,0.2614,0.2295
277,278,0.1622,0.2316,0.1633,0.1954,0.2277,0.099,0.1148,0.2203,0.1997,0.1744,0.1764,0.1017,0.1435,0.0965,0.258,0.1371,0.0801,0.1435,0.1788,0.1453,0.2293,0.1356,0.1446,0.2436,0.2016
278,279,0.1834,0.2584,0.1645,0.1904,0.233,0.0935,0.1093,0.2219,0.2174,0.1734,0.1749,0.0996,0.1254,0.0934,0.2737,0.1301,0.0935,0.1443,0.1619,0.1852,0.2524,0.1253,0.1571,0.239,0.2
279,280,0.1884,0.2814,0.1771,0.1985,0.2185,0.1137,0.1187,0.2403,0.2374,0.1853,0.1665,0.1038,0.1433,0.0706,0.2706,0.1057,0.101,0.145,0.1811,0.1501,0.2621,0.1456,0.1691,0.2317,0.2108
280,281,0.2002,0.223,0.1731,0.1903,0.2321,0.132,0.123,0.2427,0.2317,0.1808,0.1846,0.1146,0.141,0.085,0.2567,0.1336,0.0919,0.1325,0.1789,0.1684,0.2585,0.1315,0.1652,0.23,0.2137
281,282,0.2003,0.2198,0.171,0.2213,0.2118,0.1251,0.1426,0.2467,0.2293,0.1767,0.1598,0.0984,0.1311,0.0679,0.2538,0.1017,0.1099,0.1316,0.1648,0.1917,0.2508,0.1214,0.152,0.2275,0.2247
282,283,0.1861,0.2198,0.1774,0.2064,0.2229,0.115,0.154,0.2531,0.2323,0.1728,0.1723,0.1035,0.1161,0.0653,0.2497,0.1077,0.0915,0.1392,0.1396,0.174,0.2632,0.1216,0.149,0.2522,0.2005
283,284,0.1836,0.1827,0.1791,0.1886,0.2235,0.1294,0.1517,0.239,0.227,0.1802,0.187,0.1083,0.1355,0.0704,0.234,0.1153,0.1097,0.1469,0.1331,0.1852,0.2381,0.1394,0.1499,0.2209,0.2068
284,285,0.1682,0.1849,0.1749,0.1597,0.2069,0.1212,0.1431,0.2234,0.1637,0.161,0.1621,0.1118,0.1348,0.0865,0.1855,0.1066,0.1128,0.1347,0.1172,0.2069,0.1978,0.1594,0.1635,0.1846,0.1984
285,286,0.1588,0.1796,0.1543,0.1558,0.1867,0.1126,0.146,0.2222,0.1745,0.1692,0.1465,0.1113,0.1276,0.0811,0.1624,0.0677,0.1134,0.1402,0.1082,0.1536,0.1764,0.1592,0.1457,0.1685,0.1872
286,287,0.1576,0.1797,0.1528,0.1609,0.1885,0.1182,0.1494,0.2118,0.1846,0.1672,0.1589,0.1002,0.151,0.1015,0.1614,0.0894,0.1264,0.1307,0.1115,0.1293,0.1997,0.1538,0.1489,0.19,0.191
287,288,0.1599,0.1971,0.161,0.1661,0.1821,0.1173,0.1439,0.217,0.1729,0.1634,0.1641,0.1046,0.1214,0.0889,0.1613,0.0792,0.0995,0.1376,0.115,0.1308,0.2028,0.162,0.1372,0.1672,0.1866
288,289,0.1677,0.1928,0.1625,0.1544,0.1872,0.1153,0.1512,0.2151,0.1728,0.1716,0.1772,0.1116,0.1404,0.0836,0.1812,0.102,0.1086,0.1403,0.1246,0.1335,0.2106,0.1693,0.1522,0.1872,0.1926
289,290,0.1666,0.1904,0.155,0.1652,0.1712,0.133,0.157,0.2348,0.2006,0.1751,0.1806,0.1307,0.1239,0.0902,0.1832,0.0855,0.1017,0.1432,0.1342,0.141,0.2172,0.1588,0.1448,0.1978,0.1971
290,291,0.166,0.2036,0.1614,0.1689,0.1821,0.1183,0.1518,0.2269,0.2098,0.1728,0.1764,0.113,0.1331,0.1102,0.1824,0.1084,0.1016,0.1378,0.1262,0.1689,0.2211,0.1508,0.1475,0.1969,0.2015
291,292,0.1796,0.2133,0.1686,0.1727,0.1844,0.1347,0.1609,0.24,0.2238,0.1817,0.1841,0.114,0.1292,0.0921,0.1805,0.1002,0.1138,0.1502,0.1202,0.1418,0.2295,0.171,0.1561,0.2209,0.1995
292,293,0.1734,0.2015,0.1503,0.1745,0.1814,0.1332,0.1615,0.2304,0.2373,0.1709,0.1817,0.1144,0.1365,0.0985,0.191,0.1011,0.0977,0.1392,0.1217,0.1589,0.2268,0.1506,0.1587,0.187,0.2005
293,294,0.1749,0.2254,0.1674,0.185,0.1783,0.1267,0.1648,0.2434,0.2457,0.183,0.1904,0.1099,0.1343,0.0945,0.2176,0.0883,0.1059,0.1541,0.1127,0.1573,0.2452,0.1686,0.1592,0.2116,0.2051
294,295,0.1722,0.2251,0.1585,0.174,0.1885,0.1028,0.1652,0.2414,0.2346,0.1735,0.1902,0.1254,0.1274,0.0936,0.2108,0.091,0.0975,0.1378,0.1142,0.1499,0.2342,0.1478,0.1515,0.194,0.1985
295,296,0.1674,0.2118,0.154,0.1761,0.2003,0.1139,0.1649,0.2553,0.2195,0.183,0.1924,0.117,0.1372,0.1009,0.2158,0.0983,0.0934,0.1386,0.1415,0.145,0.2391,0.1452,0.1511,0.202,0.1709
296,297,0.1846,0.2069,0.1531,0.1741,0.1854,0.1204,0.1695,0.2486,0.2265,0.1833,0.1911,0.1243,0.155,0.1099,0.2282,0.1048,0.1075,0.1339,0.1406,0.1493,0.2378,0.1345,0.1816,0.1938,0.205
297,298,0.1814,0.2168,0.1649,0.1761,0.1782,0.1127,0.1497,0.2402,0.2473,0.1734,0.1955,0.1213,0.1548,0.0855,0.2138,0.1273,0.1141,0.1325,0.127,0.1401,0.2407,0.1513,0.1597,0.2044,0.2186
298,299,0.1802,0.216,0.1639,0.1808,0.1828,0.1129,0.1665,0.246,0.2585,0.1782,0.1874,0.138,0.1571,0.098,0.2249,0.1114,0.1084,0.142,0.1352,0.1443,0.2416,0.1549,0.1443,0.2038,0.2136
299,300,0.1855,0.2232,0.1698,0.1797,0.1948,0.1019,0.1685,0.25,0.2335,0.179,0.1904,0.1441,0.1531,0.1012,0.2219,0.1058,0.1089,0.1447,0.137,0.1391,0.245,0.1483,0.1593,0.2011,0.2194
300,301,0.1759,0.2014,0.1601,0.1787,0.1756,0.1059,0.1729,0.2292,0.2435,0.1872,0.1932,0.1201,0.1328,0.111,0.2231,0.1141,0.1077,0.1367,0.1466,0.154,0.2447,0.1425,0.1523,0.1894,0.2103
301,302,0.1834,0.2061,0.1542,0.1828,0.1857,0.1191,0.1772,0.2461,0.2418,0.1903,0.1956,0.1177,0.15,0.1086,0.2183,0.0836,0.1035,0.1407,0.1461,0.171,0.2401,0.1525,0.1604,0.2118,0.2204
302,303,0.1777,0.2078,0.1725,0.1727,0.1807,0.1149,0.1696,0.2529,0.249,0.1817,0.1964,0.1263,0.1583,0.1156,0.2267,0.1526,0.1289,0.1445,0.1441,0.1493,0.2391,0.1502,0.1574,0.2115,0.2169
303,304,0.187,0.1994,0.1652,0.1629,0.2183,0.116,0.169,0.2508,0.2659,0.1769,0.2039,0.1179,0.1451,0.1152,0.2265,0.098,0.0993,0.1401,0.1388,0.1567,0.2328,0.1633,0.1595,0.2139,0.2114
304,305,0.1886,0.2034,0.1696,0.1693,0.2064,0.1162,0.1655,0.2404,0.2315,0.1684,0.1885,0.1067,0.1282,0.1141,0.2365,0.0973,0.1056,0.1267,0.1163,0.1587,0.2223,0.139,0.1381,0.2074,0.213
305,306,0.1762,0.2209,0.1604,0.1613,0.1958,0.1144,0.1598,0.2384,0.2147,0.1696,0.1952,0.1151,0.1323,0.1193,0.2381,0.1318,0.1006,0.137,0.1355,0.1584,0.2364,0.1335,0.138,0.208,0.2104
306,307,0.1914,0.2066,0.1659,0.1756,0.205,0.1263,0.1715,0.2521,0.225,0.1807,0.1987,0.1117,0.1422,0.1103,0.2411,0.096,0.1043,0.1343,0.1547,0.179,0.2352,0.1562,0.1539,0.2085,0.2149
307,308,0.193,0.2092,0.1799,0.1595,0.19,0.1205,0.1774,0.2474,0.2216,0.1836,0.202,0.1213,0.1454,0.0994,0.2472,0.0949,0.1059,0.1347,0.1562,0.1643,0.227,0.1378,0.151,0.2081,0.215
308,309,0.1972,0.212,0.1748,0.1703,0.1971,0.115,0.1713,0.2462,0.2295,0.1744,0.1968,0.1199,0.1331,0.1091,0.2312,0.118,0.0896,0.1296,0.1535,0.1622,0.229,0.1382,0.1536,0.2283,0.2223
309,310,0.1916,0.2111,0.1766,0.1826,0.2037,0.1091,0.1682,0.2407,0.2438,0.1822,0.193,0.1195,0.1283,0.119,0.2459,0.1307,0.0959,0.1383,0.1673,0.1474,0.24,0.168,0.1625,0.2021,0.2238
310,311,0.1827,0.2297,0.1686,0.1847,0.1924,0.1207,0.184,0.2527,0.2629,0.1746,0.2018,0.1253,0.1375,0.1207,0.2327,0.1177,0.1236,0.1477,0.1558,0.1447,0.2492,0.1589,0.1699,0.2245,0.2441
311,312,0.1952,0.2092,0.1809,0.187,0.1989,0.127,0.204,0.2473,0.2612,0.1773,0.1971,0.1264,0.1404,0.1045,0.2394,0.099,0.1056,0.1451,0.1296,0.1665,0.2422,0.1522,0.1915,0.2386,0.2196
312,313,0.192,0.2152,0.1768,0.1758,0.1992,0.1352,0.1839,0.2645,0.2586,0.1831,0.1887,0.1262,0.1528,0.1008,0.2396,0.1301,0.1154,0.1399,0.1461,0.1619,0.2486,0.1419,0.1631,0.1927,0.2095
313,314,0.1868,0.2113,0.1778,0.1747,0.1895,0.1155,0.1601,0.2486,0.2395,0.174,0.201,0.1313,0.1359,0.106,0.2353,0.1253,0.0982,0.1439,0.1794,0.1627,0.2537,0.1385,0.1617,0.1961,0.199
314,315,0.188,0.2128,0.1636,0.1741,0.199,0.1303,0.1786,0.2502,0.2517,0.1866,0.2103,0.129,0.1357,0.1261,0.2298,0.1156,0.1152,0.1588,0.1981,0.1558,0.236,0.1292,0.1831,0.203,0.2118
315,316,0.1888,0.1998,0.1627,0.17,0.1965,0.1386,0.1866,0.256,0.2216,0.1696,0.2133,0.1275,0.1351,0.1233,0.2315,0.094,0.1096,0.149,0.1714,0.1488,0.2353,0.1451,0.157,0.203,0.2231
316,317,0.1864,0.2168,0.1699,0.1771,0.1895,0.14,0.19,0.2533,0.2281,0.1759,0.1903,0.1151,0.1612,0.1375,0.2315,0.1184,0.1085,0.1429,0.179,0.1622,0.2363,0.1449,0.1593,0.2105,0.2095
317,318,0.1701,0.2074,0.1673,0.1721,0.1852,0.1193,0.1736,0.2746,0.2267,0.1531,0.1917,0.1283,0.1491,0.1184,0.2226,0.1055,0.1099,0.1449,0.1645,0.1492,0.2386,0.1442,0.1395,0.1783,0.1517
318,319,0.1806,0.2488,0.1647,0.1795,0.2013,0.1413,0.1765,0.2573,0.2379,0.1548,0.19,0.118,0.1592,0.1322,0.2338,0.1097,0.1246,0.14,0.1853,0.1769,0.2401,0.1451,0.1607,0.2107,0.1913
319,320,0.187,0.2068,0.1707,0.1928,0.1928,0.1329,0.1993,0.2514,0.2417,0.1854,0.1954,0.1341,0.1381,0.1304,0.2258,0.1321,0.096,0.1468,0.1733,0.1405,0.2438,0.1604,0.1626,0.218,0.2081
320,321,0.1395,0.2243,0.1804,0.1908,0.1949,0.166,0.2013,0.2603,0.2339,0.1886,0.211,0.134,0.1441,0.1192,0.2351,0.1143,0.1162,0.1428,0.2202,0.1762,0.2466,0.1485,0.1687,0.2334,0.2101
321,322,0.1668,0.2202,0.1786,0.1844,0.193,0.1414,0.1994,0.262,0.2579,0.1808,0.1957,0.1263,0.142,0.1328,0.2189,0.1342,0.1071,0.1391,0.1745,0.1696,0.2558,0.1499,0.1798,0.213,0.2193
322,323,0.1821,0.226,0.1822,0.1941,0.2086,0.1398,0.1904,0.2522,0.2685,0.1903,0.1955,0.1376,0.1701,0.1228,0.2201,0.1099,0.1026,0.1427,0.1719,0.1763,0.2476,0.1919,0.1711,0.2111,0.2147
323,324,0.189,0.2364,0.1611,0.2077,0.1902,0.1536,0.2363,0.2683,0.2599,0.1723,0.2162,0.1351,0.163,0.124,0.2169,0.1185,0.1131,0.1393,0.184,0.1586,0.2412,0.151,0.1693,0.2295,0.2102
324,325,0.1563,0.1801,0.1674,0.1633,0.1653,0.1361,0.1902,0.2329,0.2191,0.1675,0.1895,0.1153,0.1465,0.1164,0.1832,0.1046,0.0867,0.1216,0.1565,0.1423,0.2214,0.1258,0.1327,0.2174,0.206
325,326,0.1684,0.1909,0.1572,0.1618,0.1859,0.1371,0.1797,0.2486,0.2407,0.1777,0.1962,0.1178,0.1481,0.108,0.1964,0.0783,0.0898,0.1171,0.1624,0.1442,0.2226,0.1443,0.1266,0.1945,0.2127
326,327,0.1843,0.2069,0.1525,0.1596,0.1915,0.1305,0.1834,0.256,0.2293,0.1739,0.1814,0.1267,0.1514,0.1044,0.2184,0.0836,0.1004,0.1316,0.1443,0.1487,0.2313,0.1348,0.1559,0.191,0.184
327,328,0.1906,0.1989,0.1621,0.1647,0.1944,0.1286,0.1695,0.2254,0.2453,0.1737,0.1831,0.1556,0.1376,0.1126,0.2122,0.1022,0.0988,0.138,0.1744,0.155,0.246,0.1415,0.1564,0.1973,0.1929
328,329,0.1878,0.2175,0.1383,0.1672,0.2184,0.1321,0.1872,0.2467,0.2491,0.1591,0.1794,0.1843,0.1557,0.1288,0.1977,0.0995,0.1191,0.1309,0.1555,0.1608,0.2263,0.1344,0.1636,0.1991,0.2001
329,330,0.1826,0.2203,0.1566,0.1593,0.1983,0.1426,0.1842,0.2378,0.2537,0.1764,0.1841,0.176,0.152,0.1229,0.1968,0.1372,0.1124,0.1294,0.1883,0.1775,0.2249,0.1649,0.1745,0.2167,0.2341
330,331,0.179,0.2265,0.1609,0.167,0.1927,0.1363,0.1644,0.2368,0.2527,0.1671,0.1899,0.1759,0.1336,0.1173,0.2129,0.1291,0.116,0.1167,0.1648,0.1578,0.2378,0.1417,0.1594,0.2184,0.2091
331,332,0.1845,0.2211,0.1636,0.1633,0.1933,0.1397,0.1434,0.2454,0.2677,0.1809,0.1963,0.1806,0.1462,0.1127,0.2188,0.135,0.1205,0.1418,0.169,0.1625,0.2444,0.1518,0.1688,0.2154,0.197
332,333,0.167,0.202,0.165,0.1721,0.19,0.1299,0.1692,0.2128,0.2641,0.1856,0.2209,0.2021,0.1372,0.1227,0.2162,0.1291,0.1129,0.1383,0.1569,0.1617,0.2388,0.161,0.1663,0.2111,0.2161
333,334,0.1547,0.2087,0.1695,0.1657,0.1859,0.1333,0.1701,0.2508,0.2546,0.1813,0.2257,0.2187,0.141,0.1265,0.2255,0.131,0.1247,0.1442,0.1584,0.1745,0.244,0.1433,0.173,0.2194,0.224
334,335,0.1719,0.2228,0.1674,0.1574,0.1943,0.1387,0.1594,0.2517,0.2558,0.1773,0.1978,0.2168,0.1529,0.1149,0.2335,0.1301,0.1082,0.1299,0.1337,0.1787,0.2455,0.1487,0.1696,0.1947,0.2111
335,336,0.1767,0.2248,0.157,0.1716,0.1844,0.14,0.1756,0.2338,0.2578,0.1723,0.1963,0.2139,0.1545,0.1179,0.2229,0.1279,0.0976,0.1364,0.1587,0.156,0.2345,0.1463,0.1683,0.21,0.2106
336,337,0.1823,0.2227,0.1648,0.172,0.1893,0.1206,0.1752,0.2472,0.2443,0.1729,0.2006,0.1784,0.1459,0.1139,0.2348,0.1197,0.1271,0.1283,0.1617,0.1534,0.2424,0.1432,0.1709,0.2184,0.2063
337,338,0.1797,0.2287,0.1584,0.1823,0.1895,0.1456,0.1753,0.2429,0.2575,0.1739,0.2017,0.1793,0.1719,0.122,0.2277,0.1437,0.1337,0.1408,0.1468,0.1682,0.2478,0.1666,0.1669,0.2037,0.212
338,339,0.182,0.233,0.1601,0.1734,0.1837,0.1504,0.1705,0.2346,0.2713,0.176,0.1915,0.1731,0.1646,0.1265,0.2168,0.1732,0.1344,0.1347,0.1678,0.1565,0.2399,0.1603,0.175,0.2244,0.207
339,340,0.1729,0.212,0.1581,0.1588,0.1831,0.1638,0.1762,0.2339,0.2494,0.1747,0.184,0.1785,0.1715,0.1192,0.226,0.1676,0.1435,0.1521,0.1667,0.155,0.2272,0.1506,0.1662,0.193,0.2123
340,341,0.166,0.216,0.1705,0.1591,0.1886,0.1685,0.1906,0.2439,0.269,0.176,0.1897,0.1905,0.1757,0.1291,0.2304,0.1193,0.1501,0.1491,0.1706,0.1729,0.2384,0.1606,0.18,0.1816,0.2093
341,342,0.1908,0.2752,0.1826,0.1694,0.1907,0.2123,0.2786,0.2545,0.2916,0.1744,0.1816,0.2035,0.1955,0.1673,0.2616,0.148,0.1489,0.1533,0.1728,0.1822,0.2513,0.1551,0.1867,0.2648,0.2527
342,343,0.1779,0.2474,0.1732,0.1597,0.1981,0.1521,0.1918,0.2402,0.265,0.1785,0.1549,0.1953,0.1896,0.1137,0.2246,0.115,0.1587,0.1462,0.1694,0.1806,0.2379,0.1588,0.1744,0.2115,0.2231
343,344,0.1756,0.219,0.1788,0.1631,0.2006,0.1436,0.1683,0.2059,0.2716,0.1749,0.1688,0.1782,0.17,0.1232,0.2204,0.1207,0.1439,0.1468,0.1643,0.1627,0.2386,0.1669,0.1824,0.2181,0.2193
344,345,0.1742,0.2039,0.1612,0.1564,0.2038,0.1467,0.1762,0.2439,0.2697,0.1755,0.183,0.1851,0.1705,0.1226,0.2183,0.113,0.1573,0.1443,0.1457,0.1748,0.2553,0.1808,0.1585,0.2065,0.215
345,346,0.1723,0.2297,0.1733,0.1714,0.1738,0.141,0.1594,0.2338,0.264,0.1699,0.1925,0.1932,0.1645,0.133,0.2279,0.1533,0.1353,0.1542,0.1383,0.1632,0.236,0.1608,0.1703,0.2176,0.2252
346,347,0.1617,0.2099,0.1816,0.1716,0.1998,0.1318,0.1657,0.2559,0.2656,0.1717,0.1949,0.1961,0.168,0.1569,0.2334,0.1279,0.1459,0.1417,0.1549,0.1602,0.254,0.1704,0.1668,0.2072,0.2268
347,348,0.1674,0.2226,0.1687,0.1572,0.1983,0.1324,0.1812,0.2621,0.2677,0.1749,0.1944,0.1942,0.1616,0.1578,0.2226,0.1327,0.1509,0.1529,0.1553,0.1691,0.2535,0.1621,0.1671,0.2226,0.2314
348,349,0.1722,0.2242,0.1747,0.1567,0.2189,0.1452,0.1709,0.2641,0.2744,0.1936,0.2043,0.2012,0.1602,0.1577,0.215,0.1407,0.1405,0.1507,0.1638,0.1626,0.254,0.1606,0.1777,0.2226,0.2356
349,350,0.1721,0.2307,0.1753,0.1726,0.2068,0.1371,0.1604,0.2481,0.2731,0.1708,0.2107,0.18,0.1707,0.1101,0.2463,0.1116,0.1448,0.1564,0.1751,0.1883,0.2423,0.1525,0.1454,0.2226,0.2423
350,351,0.1745,0.2232,0.1688,0.1586,0.2049,0.1225,0.1571,0.2695,0.2421,0.177,0.2,0.1863,0.1607,0.1309,0.249,0.1465,0.1504,0.1436,0.157,0.1682,0.2437,0.1376,0.157,0.2121,0.2279
351,352,0.1813,0.2054,0.1806,0.1816,0.1893,0.1343,0.1447,0.2661,0.2419,0.1623,0.1964,0.1778,0.173,0.1233,0.2474,0.1404,0.1554,0.1457,0.1488,0.1582,0.2458,0.146,0.1545,0.2201,0.237
352,353,0.1738,0.2238,0.1684,0.1788,0.1591,0.1434,0.1689,0.2482,0.2534,0.1945,0.1965,0.1899,0.1637,0.1152,0.2345,0.1113,0.1433,0.1411,0.1639,0.1416,0.2538,0.1482,0.1573,0.1972,0.2375
353,354,0.1585,0.2105,0.183,0.1877,0.1943,0.1538,0.1896,0.2404,0.2322,0.1705,0.2146,0.1925,0.1759,0.1366,0.2259,0.1321,0.1565,0.1581,0.1566,0.1468,0.2456,0.177,0.1519,0.2163,0.2505
354,355,0.1756,0.2276,0.1796,0.1789,0.1918,0.1358,0.1745,0.2667,0.2344,0.1732,0.2026,0.1896,0.1621,0.1133,0.2221,0.1581,0.1263,0.1555,0.1456,0.1545,0.248,0.1337,0.1725,0.2213,0.242
355,356,0.1624,0.1912,0.1709,0.1638,0.2025,0.1128,0.1558,0.2543,0.2227,0.1861,0.1966,0.1859,0.118,0.0993,0.2166,0.1293,0.1507,0.1504,0.15,0.1652,0.2359,0.1612,0.1466,0.2286,0.2222
356,357,0.1722,0.1969,0.1588,0.1554,0.2194,0.1152,0.1649,0.2517,0.2184,0.1805,0.1987,0.1881,0.1321,0.1021,0.2181,0.1163,0.1406,0.1401,0.1627,0.1764,0.2361,0.1366,0.1369,0.238,0.2222
357,358,0.1956,0.2654,0.1939,0.2073,0.265,0.1556,0.181,0.296,0.2739,0.2007,0.2254,0.1893,0.176,0.0963,0.2288,0.1213,0.165,0.1461,0.1613,0.1654,0.261,0.164,0.1923,0.2987,0.2644
358,359,0.1818,0.2295,0.1802,0.1745,0.234,0.1482,0.1691,0.2547,0.2296,0.1502,0.2076,0.1776,0.1608,0.1213,0.2335,0.1269,0.1195,0.1313,0.1438,0.161,0.2389,0.1342,0.1471,0.2394,0.2294
359,360,0.1779,0.1946,0.188,0.1753,0.2078,0.1566,0.1861,0.2775,0.2322,0.1614,0.198,0.1863,0.1746,0.1107,0.2213,0.1101,0.142,0.138,0.163,0.1622,0.255,0.1421,0.1587,0.2189,0.2236
360,361,0.1894,0.2072,0.1818,0.1886,0.2175,0.1489,0.1882,0.266,0.2577,0.1675,0.2199,0.1692,0.1754,0.1112,0.2408,0.1367,0.144,0.155,0.1633,0.1714,0.2459,0.1584,0.1674,0.2254,0.2309
361,362,0.1863,0.2152,0.1738,0.187,0.2107,0.1582,0.1932,0.2655,0.2494,0.1882,0.2127,0.1732,0.1853,0.1284,0.2604,0.1211,0.1513,0.1523,0.1617,0.1469,0.2606,0.1531,0.1476,0.2476,0.2553
362,363,0.1705,0.212,0.1893,0.1939,0.2354,0.1575,0.1769,0.2908,0.2795,0.1915,0.2367,0.1879,0.1768,0.1389,0.2428,0.1234,0.1461,0.1729,0.17,0.1762,0.2639,0.1744,0.1621,0.2435,0.2369
363,364,0.2064,0.2289,0.1815,0.1851,0.2131,0.1394,0.1742,0.277,0.2679,0.1898,0.216,0.1911,0.1977,0.1338,0.2569,0.1596,0.1374,0.1528,0.1495,0.1499,0.2538,0.158,0.1599,0.2993,0.2506
364,365,0.2033,0.2524,0.1867,0.1959,0.2061,0.1613,0.168,0.2716,0.2794,0.1582,0.225,0.2181,0.2,0.1204,0.2501,0.1399,0.1397,0.1684,0.175,0.1847,0.2512,0.1322,0.1708,0.2595,0.2394
365,366,0.2013,0.2376,0.1862,0.1813,0.2237,0.1811,0.1885,0.2649,0.27,0.1773,0.2055,0.2109,0.2198,0.1428,0.265,0.1125,0.1466,0.1624,0.1742,0.1857,0.2731,0.142,0.1727,0.2514,0.2455
366,367,0.1984,0.3127,0.1972,0.1928,0.2174,0.1579,0.1803,0.2669,0.2538,0.1889,0.2264,0.1616,0.1985,0.1255,0.268,0.0891,0.1517,0.1711,0.1711,0.1553,0.2641,0.1511,0.1815,0.2712,0.2531
367,368,0.191,0.2797,0.1938,0.1879,0.2211,0.1805,0.1917,0.281,0.2677,0.1975,0.2293,0.1845,0.2055,0.1445,0.274,0.1183,0.1533,0.1707,0.1885,0.1597,0.2608,0.1605,0.1707,0.2811,0.2539
368,369,0.2114,0.2941,0.1971,0.2185,0.2502,0.1983,0.2158,0.289,0.2913,0.1896,0.2391,0.1938,0.2347,0.1497,0.2843,0.1063,0.1431,0.1791,0.2163,0.1789,0.2941,0.1692,0.2049,0.3467,0.2895
369,370,0.2291,0.3123,0.2246,0.2577,0.2546,0.2385,0.2694,0.3464,0.2926,0.2085,0.2912,0.2228,0.2416,0.2222,0.2683,0.1155,0.2035,0.1947,0.2098,0.1589,0.3073,0.1734,0.1966,0.3535,0.3081
370,371,0.21,0.264,0.2117,0.2374,0.2253,0.2173,0.237,0.2853,0.2836,0.1937,0.2467,0.209,0.2198,0.1141,0.2676,0.1091,0.1623,0.1795,0.1962,0.1892,0.2837,0.1663,0.1656,0.2919,0.2891
371,372,0.193,0.272,0.1949,0.2202,0.22,0.1809,0.2036,0.2749,0.2656,0.177,0.2423,0.1838,0.2177,0.1297,0.2628,0.1252,0.1625,0.1635,0.1948,0.1797,0.273,0.1533,0.1633,0.287,0.2651
372,373,0.1958,0.2348,0.178,0.2153,0.192,0.1504,0.1778,0.2519,0.2473,0.1792,0.219,0.176,0.2005,0.1346,0.2413,0.1406,0.1434,0.153,0.1736,0.1682,0.2541,0.1404,0.1711,0.2248,0.2405
373,374,0.1914,0.2296,0.1707,0.1792,0.2353,0.119,0.1673,0.2484,0.26,0.1836,0.2078,0.1696,0.1707,0.11,0.2241,0.1321,0.1681,0.1361,0.1773,0.1701,0.2389,0.1324,0.1606,0.1752,0.2117
374,375,0.1906,0.2371,0.1887,0.1899,0.2096,0.1639,0.1731,0.2606,0.2633,0.1829,0.2043,0.1944,0.1813,0.1266,0.2575,0.133,0.1553,0.1499,0.156,0.1913,0.2502,0.1464,0.1683,0.2022,0.2321
375,376,0.1977,0.2233,0.1844,0.1945,0.2221,0.1529,0.1941,0.2459,0.2638,0.1907,0.2144,0.1889,0.1885,0.1267,0.2444,0.1749,0.1392,0.152,0.1712,0.1568,0.2537,0.1603,0.1711,0.2027,0.2421
376,377,0.1933,0.2103,0.1788,0.185,0.2049,0.1534,0.1904,0.231,0.2443,0.1883,0.2093,0.176,0.1715,0.131,0.2359,0.1431,0.1358,0.1437,0.1623,0.1466,0.2325,0.1477,0.1585,0.2169,0.2264
377,378,0.1898,0.1914,0.1886,0.1737,0.2095,0.1633,0.1852,0.2378,0.2549,0.2018,0.1904,0.1743,0.1764,0.1205,0.2418,0.1465,0.136,0.144,0.1813,0.1506,0.2434,0.1592,0.1539,0.204,0.2225
378,379,0.1795,0.2039,0.1781,0.1935,0.1843,0.14,0.1857,0.2447,0.2582,0.2033,0.1831,0.1687,0.1963,0.1208,0.2286,0.1265,0.15,0.1202,0.1639,0.1496,0.2383,0.1526,0.1626,0.1992,0.2212
379,380,0.1863,0.2279,0.1931,0.2052,0.2286,0.1413,0.1985,0.2482,0.2727,0.1996,0.1929,0.1857,0.1835,0.1244,0.208,0.1584,0.1403,0.1249,0.1578,0.1645,0.2585,0.1564,0.1744,0.219,0.2315
380,381,0.1822,0.1961,0.1802,0.1986,0.2223,0.1583,0.1805,0.2417,0.2526,0.1911,0.1941,0.1797,0.1915,0.1288,0.2345,0.147,0.1416,0.1097,0.1661,0.1712,0.2526,0.1508,0.1523,0.2044,0.2342
381,382,0.1893,0.2114,0.1901,0.1924,0.2083,0.1627,0.1683,0.2422,0.2634,0.1878,0.1926,0.1755,0.1837,0.1452,0.2518,0.1576,0.1304,0.1166,0.1503,0.167,0.2478,0.1566,0.1568,0.2047,0.2259
382,383,0.1941,0.2142,0.1821,0.1765,0.1976,0.1162,0.1307,0.2421,0.2681,0.19,0.1857,0.1812,0.1813,0.1065,0.2418,0.172,0.1421,0.1314,0.1671,0.1607,0.2498,0.145,0.1738,0.2029,0.2299
383,384,0.2022,0.2222,0.1833,0.1685,0.2197,0.1279,0.1457,0.2461,0.2529,0.182,0.1893,0.1716,0.168,0.1201,0.2463,0.147,0.1308,0.1543,0.1642,0.1701,0.252,0.126,0.1505,0.1951,0.225
384,385,0.1826,0.2213,0.1803,0.1649,0.2008,0.1335,0.1604,0.2474,0.2427,0.1776,0.1769,0.1743,0.1755,0.114,0.237,0.1449,0.1329,0.2107,0.1677,0.1586,0.2564,0.1509,0.16,0.1998,0.2196
385,386,0.1285,0.1907,0.1467,0.1726,0.1518,0.1194,0.158,0.2191,0.1835,0.1035,0.153,0.1208,0.1658,0.1192,0.2122,0.1477,0.0995,0.185,0.1191,0.1541,0.21,0.1246,0.115,0.1556,0.2033
386,387,0.0783,0.1748,0.1109,0.1525,0.1659,0.0933,0.1617,0.2163,0.1401,0.0935,0.1246,0.1075,0.148,0.1037,0.1866,0.1273,0.0779,0.1529,0.1514,0.1601,0.1675,0.1085,0.1178,0.1259,0.1999
387,388,0.123,0.2177,0.1431,0.1592,0.2069,0.1002,0.1652,0.2357,0.1741,0.106,0.152,0.1318,0.1576,0.1086,0.2145,0.1483,0.0857,0.1964,0.1418,0.1573,0.1867,0.1091,0.1182,0.1277,0.2131
388,389,0.1496,0.2431,0.166,0.1712,0.2,0.1006,0.1741,0.22,0.2028,0.1162,0.1822,0.1286,0.1698,0.1239,0.2398,0.1809,0.1061,0.1963,0.1649,0.1518,0.2126,0.1236,0.1379,0.1622,0.2221
389,390,0.1727,0.2279,0.1603,0.1876,0.2213,0.1271,0.177,0.2316,0.2057,0.1352,0.1964,0.1453,0.1727,0.1124,0.2547,0.1595,0.1166,0.2083,0.151,0.1554,0.2503,0.1386,0.1466,0.1903,0.231
390,391,0.172,0.2389,0.1671,0.2142,0.2109,0.1328,0.185,0.2403,0.2229,0.128,0.1996,0.1568,0.1776,0.1157,0.2415,0.1779,0.106,0.2072,0.1526,0.177,0.2329,0.1444,0.1463,0.1919,0.2241
391,392,0.1863,0.2478,0.1671,0.2051,0.2049,0.1408,0.1926,0.2539,0.2158,0.1446,0.207,0.1403,0.1838,0.1086,0.2518,0.2071,0.1135,0.2104,0.1468,0.1623,0.2457,0.1642,0.151,0.1853,0.2222
392,393,0.1904,0.2194,0.1709,0.1758,0.1934,0.1273,0.1892,0.2405,0.1786,0.1351,0.2014,0.1595,0.1569,0.1239,0.2327,0.1638,0.112,0.2146,0.1862,0.1557,0.248,0.1401,0.1632,0.2011,0.2361
393,394,0.1971,0.2343,0.1779,0.1855,0.2083,0.1393,0.1879,0.2396,0.2063,0.1462,0.1965,0.1635,0.1778,0.1359,0.244,0.1572,0.1097,0.2056,0.1722,0.1781,0.2411,0.1386,0.1538,0.2184,0.2392
394,395,0.2011,0.2529,0.1881,0.2007,0.2069,0.1422,0.1795,0.2402,0.2352,0.1509,0.2148,0.1582,0.1886,0.1246,0.2559,0.153,0.1281,0.2111,0.1766,0.1748,0.2553,0.1565,0.1523,0.2126,0.2346
395,396,0.1947,0.2311,0.1746,0.1962,0.2302,0.1373,0.1892,0.2413,0.2387,0.1501,0.2141,0.1639,0.1818,0.125,0.2569,0.1789,0.1223,0.2063,0.1498,0.1716,0.2551,0.1533,0.1552,0.2156,0.2289
396,397,0.1972,0.2347,0.1886,0.2152,0.2221,0.1332,0.2009,0.2209,0.2481,0.1597,0.2068,0.1529,0.1878,0.1302,0.2467,0.1707,0.1341,0.2123,0.1742,0.1651,0.2522,0.1454,0.1539,0.2252,0.2259
397,398,0.1807,0.2415,0.1868,0.2207,0.2044,0.1618,0.1967,0.2467,0.2522,0.167,0.2244,0.1584,0.1882,0.1142,0.2596,0.1959,0.1119,0.2154,0.1788,0.1792,0.2505,0.1378,0.1669,0.2284,0.2282
398,399,0.1968,0.2562,0.1863,0.2142,0.2177,0.1924,0.2271,0.2412,0.2443,0.178,0.2243,0.174,0.1866,0.1188,0.2554,0.1627,0.126,0.2073,0.17,0.1775,0.2526,0.1381,0.1588,0.2436,0.2056
399,400,0.2017,0.2469,0.1851,0.1896,0.216,0.1739,0.1968,0.2233,0.2417,0.1708,0.2042,0.1753,0.1866,0.1095,0.2653,0.1725,0.1278,0.2112,0.1791,0.1653,0.2552,0.1529,0.1677,0.2142,0.2263
400,401,0.1985,0.2398,0.1804,0.2161,0.2185,0.1546,0.1946,0.2427,0.2574,0.1771,0.2175,0.1798,0.1796,0.1253,0.254,0.1797,0.129,0.2029,0.1978,0.1537,0.2571,0.1647,0.1613,0.227,0.2231
401,402,0.2035,0.2425,0.1854,0.2197,0.2148,0.1569,0.2302,0.2543,0.2139,0.1786,0.2115,0.1856,0.1853,0.1276,0.2802,0.1783,0.1351,0.2058,0.1799,0.1641,0.2687,0.1522,0.1709,0.2245,0.2342
402,403,0.206,0.2389,0.1744,0.2049,0.1974,0.1576,0.2242,0.2306,0.2456,0.1989,0.207,0.1764,0.1755,0.1288,0.2661,0.1584,0.1449,0.2204,0.1545,0.1642,0.2731,0.172,0.1881,0.2163,0.2281
403,404,0.2098,0.2256,0.176,0.196,0.2271,0.1489,0.2013,0.2435,0.2766,0.1833,0.2098,0.1735,0.1701,0.1437,0.2522,0.1589,0.1448,0.2245,0.1893,0.1533,0.266,0.149,0.1798,0.2413,0.2296
404,405,0.2028,0.2321,0.1885,0.1849,0.2141,0.1398,0.184,0.2441,0.2618,0.1866,0.2066,0.2015,0.1711,0.1226,0.241,0.1648,0.1088,0.2005,0.1781,0.1427,0.2676,0.1447,0.1633,0.2034,0.2256
405,406,0.1992,0.261,0.1846,0.1963,0.2121,0.1842,0.198,0.2445,0.2741,0.1877,0.2127,0.1729,0.1584,0.1248,0.2554,0.1803,0.125,0.2063,0.1399,0.1466,0.2523,0.1503,0.1556,0.2189,0.2373
406,407,0.2178,0.2428,0.1976,0.2107,0.2193,0.1771,0.2036,0.2276,0.283,0.1966,0.1935,0.1589,0.1963,0.1257,0.2825,0.1776,0.1496,0.2151,0.1805,0.16,0.2701,0.1531,0.1822,0.2468,0.258
407,408,0.2153,0.2518,0.1803,0.1986,0.2252,0.1506,0.1874,0.2613,0.2865,0.1806,0.2063,0.1924,0.1671,0.1337,0.2808,0.1665,0.1543,0.2153,0.1889,0.1324,0.2799,0.1461,0.1672,0.2433,0.2632
408,409,0.2063,0.2354,0.1806,0.1908,0.2168,0.1579,0.1867,0.2458,0.2801,0.1774,0.207,0.1669,0.1721,0.1326,0.2783,0.1749,0.1461,0.2101,0.1973,0.1567,0.2756,0.1456,0.1533,0.2368,0.2548
409,410,0.2028,0.2356,0.1798,0.2041,0.2238,0.1709,0.1949,0.2273,0.2944,0.1891,0.2112,0.163,0.1754,0.1306,0.2617,0.1602,0.1509,0.2055,0.1959,0.1526,0.2588,0.1657,0.1779,0.2328,0.269
410,411,0.1543,0.2223,0.1716,0.2023,0.2254,0.1647,0.1971,0.2359,0.2849,0.1969,0.2118,0.1596,0.1779,0.1449,0.2667,0.1688,0.1287,0.1957,0.1873,0.1367,0.2633,0.1508,0.1625,0.2186,0.2559
411,412,0.159,0.2358,0.1638,0.2085,0.217,0.1731,0.2012,0.2476,0.2882,0.1827,0.2013,0.1716,0.1717,0.1265,0.2626,0.1543,0.142,0.2127,0.189,0.1659,0.2573,0.1529,0.1769,0.2209,0.2384
412,413,0.1696,0.2248,0.156,0.2252,0.2196,0.1611,0.1969,0.2379,0.2969,0.2027,0.2164,0.1747,0.1947,0.1283,0.2564,0.1796,0.1511,0.2189,0.1914,0.1649,0.2615,0.1631,0.1744,0.2228,0.2562
413,414,0.1785,0.2348,0.1651,0.1766,0.2131,0.1515,0.1901,0.2186,0.2887,0.1993,0.211,0.1859,0.1903,0.1044,0.2528,0.1453,0.1355,0.2188,0.1903,0.1388,0.2482,0.1503,0.181,0.1948,0.2493
414,415,0.1502,0.2038,0.1652,0.2183,0.1995,0.1564,0.1906,0.2294,0.2626,0.1818,0.2175,0.1745,0.1675,0.1164,0.2379,0.145,0.1282,0.213,0.1798,0.0525,0.2475,0.1383,0.1868,0.1674,0.2367
415,416,0.1902,0.2195,0.1608,0.223,0.2085,0.1398,0.1957,0.244,0.2889,0.1886,0.2132,0.1794,0.1712,0.1177,0.2412,0.1766,0.1268,0.216,0.1565,0.0954,0.2526,0.1461,0.1829,0.1905,0.2504
416,417,0.1776,0.2338,0.1482,0.2295,0.2221,0.1478,0.1876,0.2289,0.2852,0.1875,0.2073,0.157,0.1703,0.1135,0.2567,0.1568,0.1214,0.2127,0.17,0.1498,0.2605,0.132,0.183,0.2109,0.2487
417,418,0.1587,0.2311,0.138,0.2129,0.2236,0.166,0.1948,0.2314,0.2785,0.1837,0.2209,0.2115,0.1853,0.1094,0.2608,0.1619,0.1549,0.2138,0.1785,0.1552,0.2643,0.1346,0.1812,0.2301,0.2373
418,419,0.1623,0.2728,0.1554,0.2098,0.2098,0.1354,0.1926,0.2379,0.2492,0.1863,0.2236,0.175,0.1695,0.1224,0.2604,0.1734,0.1258,0.2304,0.194,0.1605,0.2657,0.1358,0.1695,0.211,0.2357
419,420,0.1572,0.234,0.1529,0.2176,0.2114,0.1647,0.1862,0.2252,0.2722,0.1786,0.2279,0.1842,0.2098,0.1215,0.2589,0.2091,0.1333,0.2132,0.185,0.1668,0.2641,0.1529,0.1688,0.2073,0.2482
420,421,0.17,0.2343,0.1509,0.2039,0.2227,0.1619,0.1893,0.2556,0.2911,0.1872,0.2203,0.1942,0.1952,0.1399,0.2654,0.1438,0.1368,0.2175,0.1935,0.1636,0.2789,0.1525,0.1819,0.2373,0.2394
421,422,0.201,0.2362,0.1394,0.2161,0.2259,0.1521,0.1879,0.2503,0.2939,0.1932,0.2416,0.199,0.1727,0.0994,0.2619,0.1453,0.1385,0.2096,0.1807,0.1624,0.2664,0.1847,0.2097,0.2424,0.235
422,423,0.1951,0.252,0.1776,0.2559,0.2225,0.1819,0.2455,0.2609,0.3038,0.1999,0.256,0.1947,0.1895,0.1245,0.2737,0.156,0.1533,0.2297,0.2824,0.1802,0.2833,0.1615,0.1919,0.2889,0.2319
423,424,0.1599,0.2602,0.1723,0.2275,0.2302,0.1769,0.2111,0.2419,0.2838,0.1945,0.2378,0.19,0.1864,0.0954,0.2526,0.1615,0.1388,0.2242,0.1893,0.1905,0.2679,0.1509,0.2052,0.2458,0.2368
424,425,0.112,0.2429,0.145,0.211,0.2161,0.1743,0.2146,0.2043,0.273,0.1801,0.2335,0.1843,0.1909,0.099,0.2261,0.1636,0.1387,0.2154,0.1615,0.1631,0.231,0.1552,0.2053,0.2202,0.2464
425,426,0.1151,0.2228,0.146,0.2002,0.2012,0.1464,0.1744,0.2257,0.2593,0.181,0.2254,0.1864,0.1691,0.0802,0.1994,0.1793,0.1371,0.2122,0.1683,0.1446,0.245,0.1656,0.2005,0.2,0.2381
426,427,0.134,0.221,0.1486,0.2205,0.1943,0.1415,0.1725,0.2131,0.2585,0.1927,0.1889,0.1729,0.1713,0.0849,0.2377,0.1529,0.1305,0.2161,0.1408,0.1415,0.2389,0.1637,0.1818,0.2138,0.2318
427,428,0.1259,0.2223,0.163,0.2256,0.2072,0.1523,0.1791,0.2179,0.2342,0.1873,0.217,0.1847,0.1734,0.1162,0.2351,0.1794,0.1416,0.206,0.182,0.1392,0.2485,0.1603,0.2264,0.2029,0.2525
428,429,0.1082,0.2059,0.1708,0.2159,0.2093,0.1575,0.1822,0.2252,0.2531,0.1943,0.2179,0.1929,0.1876,0.1258,0.2393,0.1449,0.1539,0.2069,0.1752,0.1172,0.2279,0.1518,0.2014,0.1966,0.2371
429,430,0.1769,0.1909,0.1576,0.1804,0.2124,0.1379,0.1879,0.2395,0.2544,0.1983,0.218,0.1657,0.1929,0.1087,0.2639,0.1243,0.1448,0.2045,0.1905,0.13,0.2565,0.1251,0.198,0.1949,0.242
430,431,0.1539,0.0992,0.1224,0.1411,0.1539,0.0847,0.1358,0.1734,0.199,0.1261,0.2036,0.1302,0.1302,0.0501,0.2038,0.0499,0.068,0.1324,0.1017,0.0638,0.1861,0.0716,0.0893,0.104,0.21
